name,bytes,sha256
00001-haushalt.pdf,350007,35fc68ea87127938c006174cde279deea24d0878b477dbba906b50f225cdc008
00002-haushalt.pdf,347189,a0c6285477faa9ca3b7f0688d0920012046e37a638288555b3555b641b530707
00003-beschluss.pdf,342975,54bd550b4dd9a5b9788da07b23e14a736385bea21fbb6b8caef5a4c78536a551
00004-gutachten.pdf,351171,b2c85caa3a3ca04a06e69d59617469b41676b5740cd8287fb4f5c243a0d16983
00005-uebersicht.pdf,351202,f01a2fe7ffd076d34e5bdc6e0e7e8e7743ddf3dcb3f3bdbeeda6bb53c4f7b1d5
00006-zuwendung.pdf,350937,0bd9d7bd6a46d88ad91555bf9ca3f17b47b2c2be9ea7c5aabfcedea6e2f12fc8
00007-mitteilung.pdf,343803,bca7df72889884759a18de3322131574592b3bf9abf7374c5bac86d709e233c9
00008-zuwendung.pdf,344155,55b39fcfd736e1da9a00e9ae4fbfdfa5494ab232701bc851012c7f2e089a5ba2
00009-protokoll.pdf,350973,6a29b901c9b607fd5cfef3dbb1a30e38523cf49c4e09db5dd38dba71c5ea6e98
00010-haushalt.pdf,356871,3eddb620e0a7f80e8d5852b2a7fe5ea6805bf418df5abd48de98d308c1c477ea
00011-kostenaufstellung.pdf,355543,844dbe04452e63b9b2da4240749ffa270ff3fa3e656a613277c51fee48a70383
00012-bescheid.pdf,348719,2cadf76b85702ecaf4af815c9fdc5d142140c6b1c6b889305da1bb51d5d9a31a
00013-uebersicht.pdf,349807,cb1b3959f405b70555d308ff8c385e03db1d22ffe387afc979fcde7b57c7f76e
00014-widerspruch.pdf,351204,eeb5780810168b078763552741e065af3e2ec9eaf53804a84dbf70d40fc91802
00015-schriftwechsel.pdf,357397,8803b4bca246982e4a9d815f11eca768772615ccb24c521f0aa80007c6e33dfb
00016-gutachten.pdf,350464,1b9a5db014c89185f44d0e2fafb6bd8e205f912707fddfacb62aec224f9fad94
00017-bescheid.pdf,349305,dd76a36fcc1a25d07a8ef494f4d90110c1b0a64b702ec5e53340eb05353e62ff
00018-protokoll.pdf,347913,e20e70d455a637f416ab023b847895d3182753af71f9931798a990932ec8517e
00019-beschluss.pdf,345756,718faf4abb675b191bf7e65fa0175e0afb10965103097bd9935234745af20181
00020-rechnung.pdf,351711,0f822c11e16405eee72e9373cc1757e05ea153ad0e96b7685037b2ad925dde31
00021-beschluss.pdf,348595,f8ffabddced21c4216ea48a0c37f5ceda01b9b07ae9ad593cb833e0a931024a9
00022-beschluss.pdf,344710,b1e01d88c682c7913ed23fa852dabe348ade0ea1d5973c0e45454d93f3d4f1f2
00023-ausschreibung.pdf,349506,34ab73016825972fa4a4a0a234dfb27b94525dada7b0e24e3d32476129425950
00024-vertrag.pdf,351827,16dd0d2412c473e62bbc79c7a460fa789452db879571d86d5fbafc73d46dbbf5
00025-kostenaufstellung.pdf,348463,97b91df0edfd4460d9b4d14318264d3438b4187cb2710aed3dfc0b24f7f847b2
00026-kostenaufstellung.pdf,351762,85f2fc74d628fabbfc9b1d92a95a4fc5d8ee916a5f5f63b0358070e3c33e950a
00027-gutachten.pdf,354443,2fe644af7f78ceef91cda6df71975e86c149fac7d75b01d3cc4c45399a99f47f
00028-ausschreibung.pdf,348763,041f3117c4b1b40ec4bce9db0b7218822a3a92d189682621de9290e4962db1b1
00029-aktenvermerk.pdf,352485,1549bf2398d18b9a38f23d00645c3c4931312f30c23e157b87b879d4280da781
00030-ausschreibung.pdf,348712,eeb849ed83832a67f2f309750aaef963ec6d9b0cba610a9d078a2d3e29644705
00031-ausschreibung.pdf,354019,706a8efbd4408a4a96e36798f40efd6a5013ce28526cd40655c8b64989181e04
00032-antrag.pdf,342217,07f2357bf87506a7ef94097a60537285096548d96774af61b36ab46d75d495e9
00033-aktenvermerk.pdf,348639,094c0f863916e95d4bc9ab50281746534f8d3c5009fba420bf5bd42c0de6e736
00034-ausschreibung.pdf,350333,0a23382eb14ac7536733b83022392d5164104da32a923f2d344a95e1a63227f3
00035-vergabe.pdf,348391,779cfaacb6efddd7fd498cbdfcbf57457e1f2e31bb98d0c0f2e4812e1a9e1b0a
00036-uebersicht.pdf,352246,c7128b5a69ad6aabc07e8f2123364872013d3228ec5ee3794a911ffa9e4fa410
00037-widerspruch.pdf,355046,bd6bf30254a16a6474235c8d99623dcd692eb68d51c1287fa650c19211262005
00038-ausschreibung.pdf,350011,8ec65c3d5da4d07cac1b31b4acb4c1e681b6fa8ed383bec99d19547ceac64be6
00039-antrag.pdf,350598,772b03cf3445f85c162c0ff686466770f44a5e404b5931e9bc2a7a4cb2e65a39
00040-vergabe.pdf,347665,68740691ae980f97b49dc900b3e210a53088336bed448fbb794530f0982daab4
00041-satzung.pdf,343525,1bdb7ccca8126b063ae49f5b7d5e4b116bac7d8110c60712702fef13f4953743
00042-vorlage.pdf,345114,5a639860393845c295f311865d2d9c279a19203d1f440328de431cfbcfb52363
00043-haushalt.pdf,341661,074b4af717757da19434d2525f468cb36e89a5a15e95e934bf1a7f095cd590a8
00044-stellungnahme.pdf,345451,46cccdc2d84ca5a536b63d6c2327b0ead2a7254ee92ae5297d753d1543de25f1
00045-vertrag.pdf,349607,1a2fc25f7bca496052dff30d4d7624b0275d3b611cbb91aa3be8ba24cdd64430
00046-mitteilung.pdf,354970,79c898f939050f4896944e6735edfcfdedc8451205aa44e1615d4d7b101123fb
00047-widerspruch.pdf,351310,3ad6ab106d76b415ff2cd2bcf36f5c9111cf6c7fe2be6ebd63caffefa5eb3bd9
00048-haushalt.pdf,353516,564817b340d046b3c97f155fa7b3a5aa3c47aaa979b474256982bdb178071391
00049-niederschrift.pdf,348660,1dcb77b7e61c303e4803bd2c7402bb32f2b7f89650bd7366db776eb1d82ebc74
00050-zuwendung.pdf,344863,b94a992311286cc7d0243834bd51f009c20b6a11177611d91d0489b7e502c918
00051-beschluss.pdf,359685,9fbfd6f2646de6829e10fc6d212fab3c6b72c0cbf71e34e1b2195169d17328b1
00052-gutachten.pdf,357716,dca7b9546d1023d501640fe37e443c85dcfe8c97667f5599f39dd3123f3cc535
00053-anlage.pdf,349327,dc292c64805ffb6c10efa41cc0cc001229453e46555ce9862e050563ec74f11f
00054-bescheid.pdf,351286,edea9c6207704a79f33948cdf613452864f5adbeb0255c4834db8228f450cd64
00055-schriftwechsel.pdf,355920,5ff5158b4acd65cef5da2ce1d66cf5b19d43d5cba68b371df7fe78ce5795f1cc
00056-protokoll.pdf,355213,5ad00fd4477a1fb2eb9cbed6576c694007f1c56c04d48165dd8900b9933da289
00057-rechnung.pdf,354412,0b0fc205b93b7c450c45f5558b7d56d08e4580fd3bdb851e4e40ce449a093bd4
00058-bericht.pdf,344779,e0d4e6c6717a73c2e87f9e977c61176b58eb70e425628b32d44f3d19e36ec202
00059-anlage.pdf,349650,a3c4f4763b9052cde724b037f46bde947825fb3f1835940502eb034cb3041aa5
00060-aktenvermerk.pdf,352802,99c6486e29e2f27974e2f70bfc0f3fae92e2803f1d96bbafd6d4b6208a4f0ff5
00061-mitteilung.pdf,351979,1ee3947cc40bd70af6d81465354c75eedd176ce8d22cb49a8eb83e0e79974e52
00062-vorlage.pdf,342772,0a08de1f1344e0bcac365e1cd112343b8ae0c76e78e24220265257491eaa2c25
00063-vermerk.pdf,349452,46434e3f7983cf5c5dbc332565e621b4b1dd5d19103b793c3b61abbb9e3e7b2b
00064-rechnung.pdf,349475,dbc159589f88ef920be15e15335d349cbaa10f1886014f1b98aa41aa217940d3
00065-niederschrift.pdf,353761,4f89ba94eb82b5a0463fb2368d911d88dd67f23b7cc1aa2ada0fea35fb661d07
00066-gutachten.pdf,346583,131ecac8a233664f31aed74a4dd710e9200e942d54ad7389def6940b33731c65
00067-stellungnahme.pdf,352744,47ad20793bf27a4ca452d68b49f6f7bc4e8500252f36624e7ba65b4a603313bf
00068-rechnung.pdf,353574,a32766833fa19f373d6a0862046bec94cef7d2653ba91fa692092cf3fb9cbc2b
00069-niederschrift.pdf,349254,edae12a524fd873c7c78e3f31def6354064ae1db306027249f7822625dde2ddf
00070-uebersicht.pdf,356584,9357a7b053b8eb8df8619a55c9498a57277b383055f069276c586e8db8253dab
00071-rechnung.pdf,347592,d7f308213ed88a6ff6ca9593b3084ed359264462a269e96c409f345defcfd7dd
00072-vorlage.pdf,350788,d16f64dd395fa3fbde2b0d50d76082466e4982083165e78bc97a97c500056b2c
00073-satzung.pdf,346545,0ba88cbc7e1a88d919185674bcdcc8453477813337039fa26c150e3774d4cb3b
00074-beschluss.pdf,355904,a98082196c0b3255e5ba33d1771241d60f9a0d2dced249778268ccda801c50f4
00075-protokoll.pdf,345616,8ef58f85582e112d8741d716b6bdc4c7c42e9cf3c9e513e46cde8be9d4c746bf
00076-satzung.pdf,340937,14db568e39379bc54957852153a9ceafb521aa21c20b0471dc729b21dd51932e
00077-uebersicht.pdf,357233,b6526d79968b8c3db861adf90db37689dcf5170065a9490ca47eba853beedfbe
00078-anlage.pdf,344243,2bce14e146256519f7f3ead4710d3c3da3050507dc3c2ff7fed07b1238701aac
00079-bericht.pdf,346439,da46f0068d7e7ebcc016a62c586bc5037d4940db3f91928cf870b8b2821b305e
00080-vermerk.pdf,346322,485fcb45eff9a1cb2bc5c7513eed06cfc6acc4cf673c87bb6f6b31d612ddbf93
00081-protokoll.pdf,352747,9d9de5cb792a2eae42b2a8406439ba150ab964ca5f569cce311f3929bbf1959d
00082-vorlage.pdf,342607,b53f357020b917b9840a10a8e08ab1cc792b6b490dc4723fe762099c88d90344
00083-vorlage.pdf,350004,19f3bc2f297ebcbf88e0c28ef02bea04c59bef14d76e2c38557654584af542a9
00084-vergabe.pdf,354068,db53704dfb98b4958660553d9a93e128f898a5b6aefacbc55262713e0eeade13
00085-niederschrift.pdf,353182,35c78178c97f15276cbdad59ef923a584289184b9f2402cfd704209ddc44010c
00086-uebersicht.pdf,350529,a4191deaf5dca55d2615c54ceb5704aee0b871b478a5384acbfea94abd04ba36
00087-vergabe.pdf,357083,fed8fd3e9227f382a175d2aef037150b8853d8b00ff2b482660e37f9d4435a85
00088-vorlage.pdf,346483,c31a212ebb30ba9579ac02b8a93049b08207805fbdd7a10d48708420c55e85e4
00089-vorlage.pdf,349021,0b5a805451abebddd3f777c498112187383eb4883bbcae261d7719ab01b38ab7
00090-protokoll.pdf,352390,72009e6cdab0f2e7d58b23fdd10bf7e11a2f1e4cfbae45a318bcc0a66a203f2a
00091-ausschreibung.pdf,352633,308e842fa23bc8ef1258700c78e3c91fd2758d0f7cec9e48425a7d3af1abb19c
00092-stellungnahme.pdf,354399,ef8787d6f69625fa936828408159798d5263111c863f41f95ba62d1dbd9b4947
00093-uebersicht.pdf,353330,4b36a1478e2746bf2a1fc32ebf879ab6a106cbca72fa161bb740a2f4c520b516
00094-mitteilung.pdf,354085,332d817c4fb0781f679c2765ac0f3e7d2ee451a937de4cb6748c4816b21259d9
00095-mitteilung.pdf,352608,e1dc1eac5f2a01ec5c438f43a175c618480c9b23dd26ab5bc6db4c0d2a3f5b0c
00096-mitteilung.pdf,358274,73cc21ffb11ac9d80b3beaebcbe2e1f776a0d10cd4776862774fd7a36134b908
00097-satzung.pdf,343632,e5c17782333475db020136dfd056c02146e6468499bdef7eafedeb9b151c2d11
00098-rechnung.pdf,351182,e5e3e2d1b222edfb9a53fb75f2665c0bcb102ff83dd47ce35eea00acfc135802
00099-vorlage.pdf,353347,c13db22878a84f1e287837b60b959ca797293a7dfe9499e10ed1ad84812274b0
00100-bericht.pdf,1747973,166b7fb09f77401f5106c88862eb957bb5627e12d850b4dcdee1223dce29c7b7
00101-gutachten.pdf,447297,56a03e5084cd504af5f937464768642ac4b97b30ac2785e97caa9e279a35b46a
00102-mitteilung.pdf,447146,97393b1f9e15db7ea721a12368d0c67e21e5e32f990b1542782cfe064105566d
00103-vertrag.pdf,447306,b21f282817ebfc61ae380f3203443bb16a0b26e39226c1e35d9c7246c3e960f1
00104-bescheid.pdf,447402,bd70923373cf0051b035dd2c2bae8e11f2eba1bb6a9335336a5b2ca9b831b45b
00105-bericht.pdf,447143,df6ec9b99769e99f02f2eceb2871ecde24d9443c2fe1c5a65acb5f70b0eb0e8f
00106-vertrag.pdf,447176,126c47fd5037865c395f0e23634f4769481a3d0fdd16c08d381efc0429088844
00107-mitteilung.pdf,447464,e8289fd70f3b3927f85fe9f79e6af593035c618f5423512bd09da9962db3f6e7
00108-widerspruch.pdf,447264,e5c7b7036752b5a495bc88df46f3d098efcf7806ff211d4b9ab3ac8c930b9453
00109-aktenvermerk.pdf,447163,72d78474b7ca122501c95b03dccae05105d73017cb4942f3473241ea5f303f55
00110-vermerk.pdf,447174,341417ed41d5435ecea47dacf3bd4807b68ea3e9fa9c8fa1081cfec011448548
00111-stellungnahme.pdf,447127,b217dd58e06835096cafb7484aa842aed49c24474b5e16d364afbc491cc4e6e4
00112-vorlage.pdf,447220,43f2d41696f992e96bc94f0bd25412dd750c831ba462857c7f8f93b6b7e41d78
00113-vorlage.pdf,447109,965728a4ac5775e625589f9ce1a5263c5edea518763353e8ae70f6d506ae644b
00114-beschluss.pdf,447245,50e79b7987c00f21f617d060aa0fdda3a6a096d98b0c12d0bbcda9208c0d139a
00115-bericht.pdf,447189,7ce8fda345a9b4eee4101979d1e8cc2ee68247fe19fcacdbb8fb8cd3ee6c5178
00116-vergabe.pdf,447359,e24c011a09a508c0bfed9fef1bb9d72066f84852dae02062479d69291543edf7
00117-mitteilung.pdf,447095,af1a29ac7e82892f24692c8a897a8251724c3dec397a293b88b0c49acc1e6ada
00118-vorlage.pdf,447227,84e64970dd5579ed91bce2487fab26180685c1b109c698cb3dc7ccb8edb56ca4
00119-aktenvermerk.pdf,447403,fbd025dc4e3afa98027d9c097cd5ce2d2050b909cd6f67f1aa6006cacd22a084
00120-protokoll.pdf,447270,264e0369dc054e2b72cae887b2ba6ac72d63b5808f1c45839d320fb06947d866
00121-ausschreibung.pdf,447232,cf7b9446cc647e361eb95d2042b525a338b60abc517c1b5d246278abd3dd0869
00122-stellungnahme.pdf,447434,02c5091c283d4c8d75fe1d76f110a6804611e288695888d8d4324a42e8ab6525
00123-kostenaufstellung.pdf,447371,c896bb28e39ef8c976d5b2bdd1509f3ed0fa1fce01300e9908e75616a349164a
00124-uebersicht.pdf,447479,402f5c744c45c07e042df3b7c1bb0e29acb2eba7ec480689e0da08b31239d2a4
00125-protokoll.pdf,447140,44cba585732bfa962e3d9a1f5d2058490349fece65627ea94093c1ed507d5722
00126-rechnung.pdf,447417,0fd48bcfd4adab3b64b8262388265f0150c5fe772dacf9bb9a4ca2422d330414
00127-vermerk.pdf,447118,66bf993ba2b2dd9c1e6a97a151a78de9f8a75e24841c4851725014eed61c9657
00128-anlage.pdf,447279,eb7174c9c465adb3c392e91dc10fb808dd3c423cbc81d26e94a0235c53bb61a2
00129-mitteilung.pdf,447328,537f79f98ac12473473eb57739d44374ddd516cb5b59e32875857809593b065f
00130-antrag.pdf,447406,bd4b9cf51698a0e1fd5169e89405b0e032fa7619d0b633428f118205508664ee
00131-beschluss.pdf,447121,a46089b666aae03b70023e9e3599a2b691407a97dd40382f624e627e9dab82a9
00132-kostenaufstellung.pdf,447352,e73bc41435321d4483a0ea263cbc0ae8d183d67422c28cf767dd39947cc32fda
00133-mitteilung.pdf,447239,28040179dffb4272c63c299bec55d6ad21b5b4568b0e8c18addb2032352fe9af
00134-aktenvermerk.pdf,447250,876b323c9421b433cf0914267ebb46c16e9278eade3a58fa9a5a42d349dc759d
00135-ausschreibung.pdf,447154,2b25e14eb0ef2a0e490f082249761146cd961130e5a2ffb0fac242c8ae03d769
00136-mitteilung.pdf,447225,9db474a47a8737f32547fbd0a22efe9aad8643866bdaf70aba5f3b8e74c3da46
00137-schriftwechsel.pdf,447162,332f203c66021fd4ab70312f0f5627386bc1d059ae88b49abfce8fa8a8dea9b1
00138-ausschreibung.pdf,447368,7ced04d3108257a2582f871b14db999a2271bcecd020fd7ae81c00d9af401e5b
00139-widerspruch.pdf,447363,fddec387eb9c8c6f8d977f39b1789e7bb5e052ac15f8221f8aba00e077b276d9
00140-schriftwechsel.pdf,447220,16aade93ccac0615e64ff6950e5b05b47c432b5aa9e24b489f66bdb67f3e86c7
00141-stellungnahme.pdf,447221,4988c8c31155bbeb9464a81a6de110b67b95b8433e65c54a79cf8dbd085748cc
00142-bescheid.pdf,447176,ee508e7fe65eb6a4f8889f23dc3005ec15c3e51113cd639829ec7053aa1fe833
00143-schriftwechsel.pdf,447356,e308b449ab58966e2333cc5ea0e952998f7aa3161065c15f367c8113cc5540fc
00144-zuwendung.pdf,447188,9433f3bbb10bf12eb018a3f87405cce69469f86bb4f4b7c934acf48f60b9d4ec
00145-kostenaufstellung.pdf,447181,693da17919e05c9448322552cf0cfad112efe60405e92863fa2bfc8027f38ca7
00146-rechnung.pdf,447183,0383b5fc0eadf81069c8491250fedca65f5cf3176c28fb13011bd47e30648d26
00147-haushalt.pdf,447144,d4c0b40b00fd24b28d7cf71e8757893df0afd886b0820d6e2509590d2c9a576d
00148-mitteilung.pdf,447447,475b2f37e0487e9c45aeac78db7dceeb4b344bdb53171f5d2f87bb792b5e6458
00149-ausschreibung.pdf,447300,5cf16b07dd1983b63f5269562064c73c7d8d5bf11d6cd532b54687c249e434ca
00150-mitteilung.pdf,447372,d21e5e58831dd43e25d2409f65d368c3bc63943b343709fed50dff8f41d83201
00151-rechnung.pdf,447176,1bf352bdd8ab072f8b20182960a5df679a0e9c0e1656d73fed9731f3b1d217c5
00152-niederschrift.pdf,447210,46b9cd0722c1b794a1462e934b53d59ad4dd6964a019330ca39d6797f2610257
00153-vorlage.pdf,447283,430508e5c3f193c5ae43bdc8345e4c384a5c19eae88963f01922ad90cb8ecfd6
00154-zuwendung.pdf,447263,70ee1900fc2ed763bcea7e76d493905cf3339030caea699940716097e57d73d4
00155-beschluss.pdf,447373,5c4b42d7d3d241e4930b03fcc591b856ace560faedf54d56929633894f497afa
00156-stellungnahme.pdf,447223,51d62fb028eee6d16ac443c8b3db52e9e1d9f4d131d116e7992d4cfe48a1334a
00157-antrag.pdf,447291,c8551363dd8aa1d30083d09b34bae3816d1342203c20983948743cd65744a60a
00158-kostenaufstellung.pdf,447179,a9605ee342cfdedf5a3f1be39c744213b26752ab20f39fbf08363ef725c8066a
00159-vertrag.pdf,447241,a13761458f89ad7738e8cb0e8e6781af532cbce2f140eea588f78a0177ad7e87
00160-gutachten.pdf,447422,ad9f588d60df4991f2f1788935f672cb8eeef73cbf5549c349dd918fd342a782
00161-schriftwechsel.pdf,447207,1ce6a91276516419204f9ad1281c375dc49b20ca4c08fb1a2b274cd93a02c183
00162-vorlage.pdf,447364,f8475070048f8a90c32c75eae77de852bfdbb0c32637ec83cf8759788e0749bc
00163-protokoll.pdf,447202,799595a94eade815c27849eb8732e688bfeacfb094a05b3c60064813625e142e
00164-schriftwechsel.pdf,447344,0abcfa25534bd03e06d462d449bb4638c668757c78b0fcf2207faec6962e1647
00165-rechnung.pdf,447252,9bcd7c1f729c0d345d22bdda934249007571ce4f4701e3744be66c97175cd893
00166-antrag.pdf,447211,ae33d41bc4693ecfd935b17468923e5c351ef1d412af4b2356780393e7d55a8e
00167-protokoll.pdf,447360,9cb65aeddb0cdabfa554d40084bc6a14f9ac0c29f78b7938a0507747e639e200
00168-zuwendung.pdf,447182,3c3bb1012d503dc68717ad030cdfdd92907d58b58d79ee8de7db34f5304f2b72
00169-vorlage.pdf,447204,b119a39ebe148e58b9d77e2d725c5ab169e89506547ac573ff1602dd26b96340
00170-gutachten.pdf,447197,68c2493e5faf2d442968ec0cba9fe23a9e3df7d1a575af61b2a3acf6742f4502
00171-vorlage.pdf,447474,4c4442d75d3da920568432d405b13476a4fe995f6363d3ba879232eeb1c29a73
00172-uebersicht.pdf,447229,4e83f190548dc3ff3d9eba1af97e35725183370222ccb69d474ed2f7af79418f
00173-protokoll.pdf,447351,510aa18b676d1586dc4965b1873b81e5a1fde8c871d50cda18d8b01d16ca569d
00174-schriftwechsel.pdf,447398,d8f09b99f8201290f688e463f3f5de87ed03b638bc6c88f486c3da34d4f711ba
00175-stellungnahme.pdf,447344,d6c7b4ca606ad7fa2a50a3f06df07395f2cb94c46c8220e8b2c1100a8dbfbb4b
00176-stellungnahme.pdf,447340,1a2c6dfb0cf1e432d6fcbeaea54771277ddbc4f2d844bceaedc0a6efc3d369da
00177-schriftwechsel.pdf,447320,9f3dcd7e1e47d50db1ead35cec650a2662b7f7baf67cac697c4b115856582ae0
00178-vorlage.pdf,447273,2a4cb1af387f0d4b5a98be22567da299d1601d245840963de2b32456b6a8740d
00179-bescheid.pdf,447357,3e4d5af9ed26183eee86047bb28be1b5a9d3f1dd150917a75009d475150c4db3
00180-bescheid.pdf,447284,52a3ff3fe624c6c81d8ccb5bd74439a10d607a1bb64114e52f73e1a6ef64c281
00181-rechnung.pdf,447310,99d481f9031d289793cfb551197d9ec55dd5f724a0d49b3fdbd2fd8dbce7c471
00182-mitteilung.pdf,447255,e9f48e0c8db8fcdd4f1aac3462d6995b43be358112fff45ca5584216dcf5ea06
00183-aktenvermerk.pdf,447192,20194edf82cbe64d75d3ecf84dd957311781b582cd0809b93c72e6955dc8f904
00184-mitteilung.pdf,447367,b31c3aca429091be04ea927ae9558edc71f53ddf8bd54bda5602a29774dfd506
00185-vertrag.pdf,447277,e6a2d6f07295a9524dde89fd2e9f119992489e57867364c823c0359208df76bd
00186-niederschrift.pdf,447217,bbd0c2edb83086ea1f6714eb3e9394d25ac59c708b0bf2d0c31c6becef174763
00187-uebersicht.pdf,447387,48110dc6d36dd8df2e0cc947551060d6c2ab712aa914d4d0b302cc76a5d702c9
00188-antrag.pdf,447290,7ec0cade019890ff484a50ac6b2d4d2320a8bb5bb39e722e31e3d1ec88f802ee
00189-bericht.pdf,447333,3d524f7c803725d4f6983e90fc9b9c55650c43e7e97899c9f9e54ed45bcbbf7b
00190-vergabe.pdf,447271,8134556130944c44416dcf3409d85a644ca5fafe7bbda165b351b576ec13fbc7
00191-antrag.pdf,447157,8d645d468d93e2b78f9302ea25f422d65db7ae63f7e9f91a04cce9940ac511a2
00192-mitteilung.pdf,447158,e7b087c4ffeaf0dd246f777c358b06c81fdb3579240508970565c5061b5c88fd
00193-ausschreibung.pdf,447228,6cacf47c6e9bacb0e3b8b334dbeddd88e0aae17f241f820a941f52478c46544e
00194-kostenaufstellung.pdf,447241,6fb4a3369e8d699ddd8a874ed88353e10971f43e5a702afa18de0fe2c3af4f8d
00195-vermerk.pdf,447342,d61ea59b3023d98d552792d9bf4ab0fc85b49c5059115965f75912d7cb15e196
00196-mitteilung.pdf,447258,85c0b4db97ec9423c5fb65dceaa7fe73a4b7f9768be47eb6ccd7d9f0c9410691
00197-vertrag.pdf,447399,2183b26de78dd4778ec46d2a7455291265760e612c84291c84e6e3fe4f5ffe38
00198-satzung.pdf,447183,b2bd3e192f11d8c9c6829dbf42ea2089dd28af792cae81c15513e70f54f668e6
00199-bescheid.pdf,447377,3c93cd8bec97920b95ea1036634029e3303dc0e9a2e73a8b3c13fbacff15109e
00200-aktenvermerk.pdf,447289,c103664d7cb768b6b77b03afbb8cf1e269a16079309d2b057fd4444af90ae2ed
00201-mitteilung.pdf,447170,6224cad0d4bfe8f90b916eeab55a5ebcfe37261407d7874de999f06c887b4ead
00202-satzung.pdf,447126,2f9380b41343708eba96d41b3bfe2ddc04de088d5a4b6435e2af1d8f2731eb56
00203-schriftwechsel.pdf,447380,0409ec052b18f35ca3a896b192cdc046fee79f0d0dd3f30663f3f42043b5873c
00204-zuwendung.pdf,447128,ca5fd288be0e52e686028b4fc93a7a80318917f7cc509b54b33e8fb33977b795
00205-vergabe.pdf,447249,6d09e19f17acac60c0cda74d55268e9a44f0fbff7e491ea5fd120a19099a66f8
00206-zuwendung.pdf,447357,5ef2c7a990cd85490d374ac3404b624705f77697fe109ac78943e8528bff52a8
00207-aktenvermerk.pdf,447438,d97cc6950757e3f7b1483ab9ef4cc0e81d05b283cd1bc099e0cf2287b434f6c0
00208-satzung.pdf,447216,58bacc7e4b507256ba49a8ee3ecdea2d17ab5f01ca64048877404e661e32201e
00209-ausschreibung.pdf,447299,862e7ed149d5d767ecdd8c83a7e6b16b7003641ca7d1c4332e8333e8b5519570
00210-widerspruch.pdf,447245,516b274210cbd975fbed9f0caccd276e699820a3b098a03463dab1a970bc77c6
00211-anlage.pdf,447217,011b078e09b8c3c6947871956abb75dfb0797737ea41d5fdeea717f7a9e40c55
00212-bericht.pdf,447152,7630d69b7a1ebf9936876ba9a84601d7f502a75898a9eb1f616e3e06bedb6309
00213-bescheid.pdf,447084,23db2c47e71cdf62c457f839243b27eb9c9d0a8b11cf404e4602195a68c6282d
00214-widerspruch.pdf,447187,0eecb72f5868f47a955a35d740ba3bbaf98508b0376c78d7325d20a2b729ddfb
00215-aktenvermerk.pdf,447355,06fc2ae4e68728211ea90b7e2cd7701f5c6d2810147fc854eb8056db5fdb3352
00216-antrag.pdf,447192,61621a6ba0fabbfeb648720ffd42b2ec43973453d53455b733eec054925404ed
00217-beschluss.pdf,447438,191b039b84686c1c68dc4e23a229fb02a785cdd688ff6c531b52396b5e335ca4
00218-aktenvermerk.pdf,447302,892475f9a6e7fcd48946b8d13dc1ff099320b5267105152a89ff4e8f8f9f3f33
00219-vertrag.pdf,447207,7b55cad39791377a3ddc87f028be4a557624c523293566a58ebc0af94d015857
00220-protokoll.pdf,447154,e37ae32f6fcf273e5577bab3e68af705d9adac30aa26aa0258bb41a075cafdbd
00221-kostenaufstellung.pdf,447388,449822af740d1c0c010fba7bde188a7172a5a7df6a62f1f522de3944e337dcb8
00222-anlage.pdf,447246,bedbb9b2ba6a3cc1f6a7a755b7209e966aea4d59879a3961618378a01d4787dc
00223-rechnung.pdf,447308,e621db996e9ebfbca9c06bcd823e24fb6b38a1a342925cefe8043b8e61ce8c92
00224-gutachten.pdf,447251,2256cf1aba383835e70a0ccd53119473f91f2af15ecaadd664d3254978d4200a
00225-ausschreibung.pdf,447181,b5f42d1b453a6812ba6a6be4eb3485a1531b503b98a57e879c3f993fea79a225
00226-kostenaufstellung.pdf,447467,dfe819712976d61f271683badbada31894d2f4917aea4a258e7a5d34c00c25da
00227-rechnung.pdf,447274,57b48354ad5f62a1855ef5c55b615f6d07fc24b5e8b81a6545e8a64b16eb6a84
00228-anlage.pdf,447183,1645bf53a8b4807ca2b871e179a13173583fb70e378afcee1387d52e694899cc
00229-protokoll.pdf,447393,52c2d4d352c7fb4a953d2f78787659ff77f1a76907d3c466a3d9d531d2cd170b
00230-stellungnahme.pdf,447388,b6b304506c759a265aa9cdecc4b12a7802b184a4dd9a17e4d59792e7754a38b1
00231-antrag.pdf,447177,c1768801969b1eb2ad035193e37f565ea36b710b25ea4e0a96b85a3a2ed7a4db
00232-antrag.pdf,447206,9160d17b73eb3664a386c648a7f608e86909e44727af0ffeb8225a58c8a86699
00233-ausschreibung.pdf,447263,61963f467aed5ba353a392cd5541836481f2c234463377bfca566fe14cee81f5
00234-ausschreibung.pdf,447260,2aa273317d4c594c49f4328021844e4625952f2f3e68efa14e888d13a9b06ab3
00235-beschluss.pdf,447355,c6f2cd7aaa6f10c12cc108157af19f0678599b89c922032e0a4071114dfba9bf
00236-kostenaufstellung.pdf,447240,3d3ab034546b18f2e7736e844989960eeec52af58465501b4dffab6b8b795ec2
00237-bescheid.pdf,447402,4b9fdcc3b580483b381aaa331b32ea8c0e9ee05877658bff0503d0f6860867c4
00238-bericht.pdf,447313,3375fdda1a7cce9030fe7fbd0644f9e9e91933ebf5ea4b3f32f87b98c9c19992
00239-bescheid.pdf,447363,d0252a3e7af3d603b7753637eb65e0139e91ac67db9f344b7b2e7bb2d34ec2b3
00240-stellungnahme.pdf,447392,aebab0366d947419fc477e3f99fb061bd9bf26aed9ebea5b0aeca116f9d8b8b8
00241-anlage.pdf,447326,bcc18efed6f42df55ba19c3df4f8af4c820ad1d43c11557b42a96cc95d624308
00242-kostenaufstellung.pdf,447318,e4cc2f054980b3d19b4e7637d6930c5dc29369c3872ebc130e793dcb3f0137ba
00243-kostenaufstellung.pdf,447317,90e28f876e69adc5f56ad8875e560dd7397ae0e90ef4aade14f56ba4c48ba346
00244-niederschrift.pdf,447188,147724cdcd3fb7d6d7abfe9689b1b5bf55b08109cc3c39eba5993f4a24ca1c48
00245-stellungnahme.pdf,447182,4d3e6ca932d6763b209304e65641a560630001375cde7b6ea8dcd4b71593f069
00246-anlage.pdf,447392,9bf0dffdc57aa4245e0ff63bebb53d2b132d0f65e08d6aafdde2c812ca823d80
00247-schriftwechsel.pdf,447186,981e6612cc2641d6354411babc5243a92ebd1064cbf55cfa33734eb6ddf19c8d
00248-antrag.pdf,447351,4a37bfd1d984139be4249ff4f66c9a89e70906a5e0a9a49581e55def925ddbf9
00249-antrag.pdf,447369,141802c6da84c20987da61b722907a38fc01a36ec55cec7e8aaeea0f2b6b7d15
00250-mitteilung.pdf,447419,dbd7d4a8f6f48dadb60d3d5b28ae10f63251063e8ea5a789bac9eac959fc2c68
00251-vermerk.pdf,447413,5c2e287b886bfd888d0272b54168917423daa4d1623612c5467cc02442e87b4c
00252-bericht.pdf,447193,ba7e1aa034ecd4887e3a416ad1927cca5f7ebdf36a5fcf0fbe3c373b67ac2aa4
00253-vermerk.pdf,447244,ab82eb2ac6d738185d96a4eb3476e963c90e76120a53dc028098a9e9bcdc18d0
00254-zuwendung.pdf,447441,2d83611f8768d6f03051a671cb1e2e64171c5f8b987de711724fb206f9f8e331
00255-beschluss.pdf,447481,fc330675671610f9f3764ea67209442a7966e29efff37490bbc92700096b5621
00256-uebersicht.pdf,447166,ead2e117287240dca46d8f07b6d6ed4819f4777dd5bb9d6dd1876d19e96b6541
00257-stellungnahme.pdf,447357,52769c43f2cc997399fe296141c779be143789793c34ee1c55f61acf2c83ef1a
00258-widerspruch.pdf,447310,739cd4c433ee986fa5105840462adf8a6ad8a3adfabeeed806ce08e126d75c02
00259-vertrag.pdf,447340,abd04d992bcaf66eba8c5e4c0e2a51bbdd4bcb95aa2d4b2a40376c13385ee0a2
00260-kostenaufstellung.pdf,447414,7a4fcbda85abcfa013f55075be45abb7baf25d738a2e88fc95b03170b0a95abe
00261-aktenvermerk.pdf,447277,a0be3176713d8f1999dc05fb858f170ca54fec766f38f058fb50f1a310caeac9
00262-niederschrift.pdf,447084,9e352d75dfab384d82e81b6687bfd9fff27b9b60c2b4230a1d86e4f6935c96e7
00263-bericht.pdf,447293,52929f5dd02dd856ef190f477aa045814e63d22d065c9d6e1e8ee3c9f687f1b4
00264-schriftwechsel.pdf,447261,8e5cb938c598c3ad2b21bbaf7465732be2653ba693fb3a046da9e1b7953dc7dd
00265-protokoll.pdf,447161,faf443e214f4cc90f1d6662ef0ecd980fbd4736aa2e08f68a8ca8d40a6c7fc64
00266-ausschreibung.pdf,447323,2ff30976ddd69fc4826ee56fcb7fcef88fdc8819822ce5d1e052a3b493b3cab3
00267-satzung.pdf,447097,072c4d440d773456db869d6e9cfac40de1e7666e0fd9a6cc53619bff19b645bf
00268-protokoll.pdf,447282,554363ed08785ec6b6e1d11fb386421b93234a0c1d7cdf73f36c9db5e475d658
00269-bescheid.pdf,447417,d651ca2efb284d63500d755c2938b5aaf43c201f8ca1f6976739a519404eab9c
00270-protokoll.pdf,447128,3c37fb95f3591ea676139dc5fca4b61f60c138852ccee96f061ac94e586498d2
00271-vermerk.pdf,447289,851faf038a54548d77f9ade472d79bdc2e52aa3320d3c12a0a023f9fa99804fd
00272-vergabe.pdf,447518,02b901f9c7e561c8e31f22a52d9d63a44217743b1b136fd33d9986736bed7ebf
00273-uebersicht.pdf,447403,c9c5e77ce5c48031a1325edd4c75e70eeb6931cd781630e6a12ef9f29e6db699
00274-vermerk.pdf,447101,29b69c4b7d7787f96d0241a8eacf55a0914ae2788aa2b216dc96d95824f22b2a
00275-rechnung.pdf,447229,1827fb37008dc396b1c7da05dbcb8f133c50b0e90e22100e4aea80a676c3883d
00276-kostenaufstellung.pdf,447366,6299557ef6a58dfc213c3efa7eeddafa159bd031d57b5c742be34c5013d058f7
00277-bericht.pdf,447272,88e9393bc50b75b0f49a9259d7d28444de96da705b34c0cb7e267f99c9270a66
00278-schriftwechsel.pdf,447158,fe6ee060243adafdcef66e2e92e930d40166fbbae341c97b40510447e4c03622
00279-vermerk.pdf,447337,377834fd4b138b3630ad8c3dd14fc159c547f2c0c69baccda679d193e41e1ec0
00280-vermerk.pdf,447310,9461cc24249ae78131eae3e5e88f45bddc49299e947bf24fb5c67a40fb70bc9f
00281-uebersicht.pdf,447358,035ad7a52b935c20158e37cca825bf8a90196db9f0ed801cc9e6235bdfa6d590
00282-kostenaufstellung.pdf,447263,38bd2e6b056403e287c8610f68968b545ce3d1c8ce04de929d914308b062ee8a
00283-vergabe.pdf,447308,856ed7e370e41740775995791cd93da8e0f04174d5527d5fe9069b9fcf6af114
00284-schriftwechsel.pdf,447315,37b4fd549b8aa0e8234d509550d04aa820c761c928f8bedc25ef7c201daa7176
00285-antrag.pdf,447280,8f6bbff8e39da84fcfc63ec12aee24cd27d098d0153700c6996b04feed620789
00286-gutachten.pdf,447388,dcfcf61e1f679cb860bd284a68f2e770863bbbaf35b8f4596536ef7a4c32629f
00287-satzung.pdf,447236,1eb10b50409ce42a473a6f16c85e5abc535ed50ff8fec4f4386a400aa8a57ca2
00288-antrag.pdf,447172,82ee293291ff084e73ab1e82aac2c7b8bbfcd1e5bae07172e0929f67a361d613
00289-widerspruch.pdf,447150,bb9d3dae5825b5112085b80c02606a5bb444b5d6c89cfe58a94850aecdb6b701
00290-kostenaufstellung.pdf,447307,be32cad27c9ad1d6472565d06f98b10bbf2c9704ce21bbe7ef91628ef8be6204
00291-aktenvermerk.pdf,447187,3713814cbbdc27b92ee7be6fb5b0dddb4b639ed6fe22828ed690c7945e567b33
00292-vorlage.pdf,447326,43215eb4e749f1e9a49a2e98a50834717d1ed295a19553e691fa7c0da0effcdb
00293-ausschreibung.pdf,447316,d7ca2e7e771897d329ae02e5751d2d4e17d67fe66143b8468146f4f0035afebf
00294-vergabe.pdf,447316,7b6831126cc7649586840ee9fdd046f264b6e85aa8787c2bedb19b0a3ab56c4b
00295-vertrag.pdf,447405,f06c8ebb1fc788e0847322b45cbbdb7e79f83bd78dfabacf97748c6fbc571a83
00296-uebersicht.pdf,447256,876cf8ac8066072a18b887d9457e1f09c8739f8405899d521908d25770741d98
00297-aktenvermerk.pdf,447351,9f1aa12b957a44be80e4e95e39c58c4c572dfaafba956e1b56a2f3e670505664
00298-vorlage.pdf,447361,3d75e5c27bafea00f9157b210fa0591054660b473da7e7dc3377dee28bf643e0
00299-schriftwechsel.pdf,447329,b8de55e4ac0ce533083f21f6ffc7c5a1f7638a89dbebf6dd2c436b73b09815b0
00300-uebersicht.pdf,447080,144986490de3cce0c9f2538968e1d9fddd8febc1815442fecc87dd924cbdf54e
00301-bescheid.pdf,447361,75a2319b092ab08493b7140b5786b6d6306a813f3885e8489ccfa35f9593e412
00302-stellungnahme.pdf,447222,d3b7e74711d77cdf07585745df5dcf507b13823d8bd54f213030c95044a4a19d
00303-gutachten.pdf,447281,9be104b3d9495296190fe220a5a90d6bda79b496fe787fb1f043dc567e693505
00304-ausschreibung.pdf,447154,3c38bd74be0de31dba037339dfda01c3b71e0e19dd01e3c0131c11cada8dd8c6
00305-uebersicht.pdf,447146,457cfef95437fabaa4859d646739ab313f0921aa004a7957efd10828d6b144e9
00306-vermerk.pdf,447454,7176cfd2409021f325b339446f5c8377ab67427a42cdfd718f4e30e588e95291
00307-mitteilung.pdf,447219,b4829bc607ba7f3606dca300e0661bdca57f8bca0df80850078c4b9de3c6e616
00308-rechnung.pdf,447100,59f34b08fee6aa98807de6081bce8021abe3e19a3ef1413c09fe1c5a6a4f69a4
00309-satzung.pdf,447356,27c3d564dcadd883748b7ae7f1abdd992394371f8e3327c1a48bb544aaebad6e
00310-antrag.pdf,447369,3cee6c665bbc0a2386621dd3b91f249f7e80e4f5fd5a8833a3bda415abc8bd92
00311-vertrag.pdf,447294,214a5d61158ce9e879e146fe2a1b476cf617bf6be558bd5e7859107b1bfa9f94
00312-vergabe.pdf,447336,1a54f647a41302c86b99ce4ebb2812ca32e1f88cc36c6d6b685b71de684cb866
00313-schriftwechsel.pdf,447106,e4103f2a038bcf9da81673b53c128d8a05899bf31f09f721ac8c47873cf0bbef
00314-beschluss.pdf,447293,ba31396117a79937912be4b1e4b5e09b43b22115a71b433fc310243d3d73fea1
00315-vorlage.pdf,447240,749ef495d6000cf71d71bf3235fd7c0f5cff1e3ab102cdae0d6643dae370441a
00316-vermerk.pdf,447240,efcb122c0b74488eb7c707427e1e4cfd9df8842bee1954d1c0f612d3cf5b18a6
00317-kostenaufstellung.pdf,447318,d5b3b2330677dde7ade1138ff9b3fcdbbbb54f37a598d711da140c8cbfab6720
00318-antrag.pdf,447457,4917f84b8e9721390e61dc0282a634dc40f1bf1a71490c6b82a820b15e1d1f39
00319-vertrag.pdf,447151,75c6492fce18a87da68da100c51a082a36a162e27b328b2aa4b19eb6e0769155
00320-schriftwechsel.pdf,447127,08cd760950bbef1d7d8464007c2563b88ac08e0592e3635a0a3fb546758fa669
00321-zuwendung.pdf,447221,e1fd4bb318efab72d950c20a43f6630fd563ff03d66ecb8d9ad6a9bb65bfcc73
00322-satzung.pdf,447200,ef0c744efa641db8fc7f1f812502a76856435adaeeb55e89882912a54cef91ed
00323-gutachten.pdf,447335,408bf342d8b0343b7b5ace27909be8d39859c3d1e41ebb604cbe822b00b825b5
00324-uebersicht.pdf,447332,f5cff94d9ed03cd92c81e8569f8fad610d96f3be6bc549b6af3004eabf6470d5
00325-haushalt.pdf,447330,81427288b22ee99ab93e1157d6513cb263e556ac79695544b48f9c1f523db8e2
00326-vergabe.docx,346665,20115ad3d885fae3497c729c37c8a0842f0d2217e706761e4eb2444188fde9f2
00327-niederschrift.xlsx,346791,38e14583a19cfeaa2b9de82f5fbaa46ca2352c4909ca746aa7491222b424fc02
00328-kostenaufstellung.pptx,345365,7f1e2d132bb1c11aabe0ad9cd15e7e6b998c3eb4174abee69caeae2c5df59068
00329-vertrag.pptx,345408,99b278c3ce4398378ed8f766fe18c039f0de54813f34c5d99c386e8d1af2722d
00330-beschluss.pptx,345366,4b7ba117665939fe50d61fde6e45003f9f1508f33c102c25f60b8ff5c4d2869f
00331-haushalt.pptx,345396,06b931863a076cf4e0897c77bc117744050f872e9892595d8d789bf33fea615b
00332-vergabe.xlsx,346861,9ec658fdcaa5bd560d15de28ca67f2d2792f1c23b8407042e3acef3514fb50d6
00333-schriftwechsel.xlsx,346796,bbfe7b725f5b395bd8532cca96bfb0e0781136d6ddc6e528a8e0d9bb2c74e7b6
00334-protokoll.xlsx,346819,70acf67a7589fc1d2e3db7914d29c55417e2310625861aaad6861e962b3f494a
00335-ausschreibung.docx,346821,209f23ed197f4966ae6a699c457382566e8a6216cd7b8b19428f2fcaa9ad49c5
00336-anlage.pptx,345395,1d5206c29215f234a68559801841decd6680aba35875fc1098dbdd802cb97352
00337-anlage.xlsx,346848,abda7b50559af64be35a77f3c0612b5fd404cf66ee2b2c2be551b4d0f568fc1e
00338-haushalt.xlsx,346846,3fa7a5b803782fa48e8b947079751ee027365e781c5fabaed4770a58eddb79f5
00339-uebersicht.docx,346762,2e42a6f12df2b11d40f3b802b775dea52fc1cfba1ab1e174069a86250b542639
00340-beschluss.pptx,349893,5ce84ca4162844c08c89f1faec1c28a0a0057492cf1154471ce64732350bd15d
00341-haushalt.docx,346762,07f09e02c6bd3584752e5d403983584c83212ab474a7b0d01d158d8cba95196b
00342-vorlage.xlsx,346823,35497a6cf053818ac251f30d38b94a68be791c48d5fc76a18fd92a83d4db19e8
00343-vorlage.pptx,345490,954db068eeb386ade0e0f15a307e2f905034568aeb66d56b074df1dad5305a77
00344-rechnung.docx,346723,e9004573615e9fce6b5955a9311ce0ad7d5ce2a01c4bf1306a1b43104b21e115
00345-antrag.docx,346759,efa42916312e79a7977a9563f62509e943d4f1a66c2393ec6a68d517d1dbb813
00346-mitteilung.pptx,345434,7dfd4b7efafac40056256692e6cc99b18c264b59ec0ba8802b1139493aa692ef
00347-aktenvermerk.pptx,345426,63dbbcb890d0a0e7542ae25967291155aa9f92088a6f0447c9cd9ebec3f6cfd0
00348-mitteilung.pptx,345404,3fcd121868610fe09f19f82f494157a4620b071228ac11702ac555e0c11b3398
00349-kostenaufstellung.docx,346798,ee35e3e14732e63ac8ccaa52ac80464be7120605f2a75f731175046b28bc9db4
00350-niederschrift.pptx,349869,449ee5c53f9794624373a70e37d10404e4720c42f9caef0b8f310d6bd8e47089
00351-vermerk.docx,346746,dc2babd66c31b8650fdce4bd2e6471057ed33d3600d5d9fafcc4580045dd3c69
00352-ausschreibung.docx,346743,ba813182a8fed500ea5a45638fe64ebd9989fa43d9f55c30b1d0eb5153cda4e6
00353-protokoll.docx,346754,3b0bb0607af6996e76aa57ee7ca991666bcb5da5ecea910f9ec1e7ef601614f3
00354-bericht.docx,346713,23cef3ffeaa20c906662b39823703cf8f4110ac7dc3f20ce831189324ab1705e
00355-schriftwechsel.pptx,349881,42e80321a6c852001ced7eec0101f4dba8dd4040e82c5853a75e1f6b12c132e6
00356-uebersicht.xlsx,346835,76f12af1b131ea2fa561ecc329c4032eece971790e8ecd728fd2e5849094b1f4
00357-anlage.pptx,349879,109d289d2e82d5737e403e4e5da4c302d98b95f0acd8028b18012c3d211a34fe
00358-beschluss.xlsx,346816,aa0696d0bf589ac5424729ae7287a8bfa3962b75ebd8019351a7d2eda6949ddf
00359-rechnung.docx,346769,762a9cffa97564afece23fc0ab59a0243f44395e11806546ad201ed244d04d27
00360-mitteilung.xlsx,346823,227506b4d52e25355a25da7fbba4247dfd68722d6af27bbee9af2a6921fab671
00361-uebersicht.docx,346743,65404f51a17c56a62aebe96bcd8e1b2ea222288afba8a3aafc5c58c3cd50010e
00362-satzung.docx,346685,c260cec2ce486b43b6ce99059b28777be1fe40dad55b23de0b5f278921299ab8
00363-bericht.xlsx,346844,8cb6bd4cbcb9fdf0d531ab051b2ae62622715b998757c88fd1138ab213c4c16f
00364-stellungnahme.xlsx,346785,10bb2fa0702727cafb420f2e2731444d12ed2cb683ee84028a48726f7e4e177d
00365-vermerk.docx,346711,6041b0a9ed002790f6e69dc6100a898d1322b61340e0b2cadb41f8b6f039e5a4
00366-kostenaufstellung.xlsx,346860,b78d91d85b91da8ad5cbf2cadfb0bc296f17e73e3fe18279dc531fda81e37b3d
00367-vorlage.pptx,349897,8a60001a03d8e0cc3123c33e6ccf96d98c2b3ce67aa5b7eb981bc7903f7f8482
00368-bericht.xlsx,346866,1a7923ba71e4474b12df947ea6b6040dce3bc2f727e08152fadce31009f16d08
00369-mitteilung.xlsx,346777,5e33dc28dee084a479aeb663842e9765efb730998bb101a00fce12e620f6d2c0
00370-ausschreibung.pptx,345378,d6f82633ade314d3ba81c6e9222dd5051606da1270a1fb16f44a03755b633dcd
00371-niederschrift.xlsx,346831,908d0c04d8b35dfa9b689b7008aee400f2012355e4cf237ce9f92d962eebcb98
00372-vermerk.pptx,349872,d8a80d2f5f8348b71e95d0fd238207db68394b96bd54ae3d88d167a7fb325fd9
00373-haushalt.docx,346787,be16b2c05ebe64dde1788d9d7fc3643f75adc7ad10d0e2c9a139d1bd49470e37
00374-widerspruch.pptx,345403,e4496f0cb879ef3fbb2a2bd9a1e2c87b981f5dc3561c6a29e3d53ca2164a8f8a
00375-anlage.pptx,345388,670177b57c823b8222ab68b7e0e9673533ecac28ca82cf8b1ab89ad883841087
00376-bescheid.xlsx,346818,71a774b2f9e6289d2e7a69db91ae94cd47385f4f616d21e687b1ac7542092f3c
00377-vertrag.pptx,349857,fe98037a1c77bbab614d1f99692790b4fc32b3d6d98d909c07aaf7b5b6806019
00378-vergabe.docx,346739,9bf37512aa99ecaf93e3af2ba47e68bd3002f9f13ccc47dc3ec0427d652467eb
00379-gutachten.xlsx,346801,fa2ebe4281ead79cee276969c0d5c606ebe2bb59f29a890f3ce27ac44816a0cd
00380-antrag.xlsx,346815,fb5eda256625c3f4d8ff5bd921fda9c85e5627a06f3d32dddbfb85b8674a91c5
00381-antrag.xlsx,346846,98a3aae23f797a9825eab0e24d10e619877b3a650d22bfa80022508ebae694aa
00382-vergabe.pptx,345437,6dee0a6b83cd6a88a97f80b26b6e629db531776539c74d632ef005f5f48cfdaa
00383-satzung.pptx,349846,e6fb5aa9979ce89f80a54faa5d9ebb5d66f5e052448205d96b62150b97aec617
00384-vorlage.xlsx,346813,1f6c9dfecb5b4471ac59078ce2f2f7f05d378d036d6722bd3f4d40e82ffde53b
00385-gutachten.docx,346870,5694f7b2ae25eea04404b9830ce4383abc81e268a276777873887b7e940e2110
00386-ausschreibung.xlsx,346802,982a86a859102fbe0b25fc921d23768766912d647b52d1d654423c7526660d52
00387-satzung.pptx,349830,5c24141ddb1c392e67bfe83b7d5e2975b3eea9f2f806f361841665b8803f715c
00388-vergabe.xlsx,346858,0df100cfd3751856874412966722c8b12d36349d3045383727fbb4db96080959
00389-rechnung.xlsx,346828,03777fb632b4f8a94b668361decd7c45c67e1090652a6d062196aa16e6d68c0e
00390-niederschrift.pptx,345388,dacc02f8742dae4b0ef21f714d0e6f0e2daf1940e041a1e2696c5bb26f3cbdc3
00391-haushalt.docx,346781,61586312f5c4a39c5e5b6c39e25deb8b7d300bbe75068df1807d43e99caf56be
00392-satzung.pptx,345379,ff019b152ef3c55c9f856ebd656d73116fd55d09c00f7b71a74490497093f34f
00393-satzung.docx,346798,778d40714cf8857ddb17ca3fca3940d052bf3d2741bca91adbeb915972569c6f
00394-haushalt.pptx,349808,9d71d399eef382a2a03a6aec57dac855b00d297dc9f15d0e714cfdb37134d872
00395-anlage.docx,346835,be367ea4b8accfe164ce103b0e892db4c2ef6ab9b9af90dc357bae25a4df408b
00396-gutachten.docx,346714,3c68dafdf93e8d57c1d1621bb9b6a7647f13ea45de044d4d85387e43dd711ea1
00397-schriftwechsel.xlsx,346824,c54825913f709eba4c82197e788d649c80eed339164d231c7b7302382427ae1b
00398-niederschrift.docx,346761,9a50b4d38495148a4080f0142207a55d42be3be98cdc0701c7ed84291588a388
00399-beschluss.xlsx,346807,4adbfb17f82f923c36e1a23cdd2e814c1cfd964b1ff39adc0b14ac4299edaeeb
00400-niederschrift.pptx,345386,30e7345acb95aa46772c5c4d98fb9c26ef862528c019bcf00d32a876ef05d9eb
00401-haushalt.pptx,349836,d097a00b74acd9c25cd6d19605161d94e19a4e6c67ab4e1c2c3ebffaa321aa59
00402-haushalt.pptx,345400,8fe2ee9b8e4e11ab1db637a27836143fb284ca31a8439deff864aefce0239df3
00403-haushalt.xlsx,346835,624182b0a8e1632059106c023ff509ab730e038db98fc90a9da3c4b67aa8097a
00404-vorlage.docx,346817,03600f3d4f4df883e5902234731bdc0260ce66947e5d575c5f3f36ed9a7f3619
00405-vermerk.docx,346792,c12e6d57a356fb0c161fea043551e8f63062a463009f1485bd0fdd5b82fa9e11
00406-antrag.pptx,349862,0b584047aa83d1768c495ff9891e6539a8b6903a5ca884db96c9e9b786adadbf
00407-satzung.pptx,349867,6317d19b4276f936d45455d6a1f47f0f4d09b64b151d8ad26a0baa5dd86ebad8
00408-aktenvermerk.pptx,345439,f6ad5dbde1848dc17e1b8ee49bce831ff1603a2d991610a67b35ce0b285e24ff
00409-satzung.xlsx,346842,bf51c497ef87418af3b216a8304bfffed748f0de43494572d494f32084a965bd
00410-beschluss.docx,346814,35470d6f32178337c80293100d3d302a82cac7001f7c3259fe3cbda6ab9bf1c1
00411-haushalt.docx,346841,30a900d6210e242f8b8812ce55d49b34031e0077f5fca645f1b38771f6455208
00412-gutachten.pptx,345383,243c5f14500ec50677b8268177b41e2395e25b2d4c18c06e5e481d482bc6016c
00413-zuwendung.docx,346782,d738e1a27e775380317f2e54c8f57a5f96a66722e7caa7e6421916c674666515
00414-vermerk.xlsx,346854,9a6d0d9fcd19cde71ad4f6b79f0dac3b070e206afff2a84fae18a5adc0ae74f9
00415-anlage.pptx,349845,f0c2ddcb313ce898918ccf3e674b4cd43a005688c53a948f380d8ea037762690
00416-vergabe.docx,346701,df6b41d671c5420d035124a4d6ba12682c5f0788599cfcbe7261dc24e155fa1b
00417-zuwendung.xlsx,346876,0f7713060de5c550ab8b9ccce114d25a820b8abc1649d655d149b552c5af67ec
00418-vergabe.docx,346785,a0b5043175a120298f8be71bad35a2bc642e4fc58020efb0728157be282561dc
00419-beschluss.docx,346839,86b44983892095ee52ced6e6c5958aca6530c26c43ad34ccb75831a24a490e07
00420-aktenvermerk.pptx,345428,08fd9d93fe30b9ff878ade91c9e99d258d3a009db66d820f34cd7bd8e67db143
00421-antrag.pptx,349806,5939a6d46273c1f0540698a52515b5fa60bb25685bdc3773dc30e96560a1fc32
00422-haushalt.xlsx,346844,f2f19029a03a89cfcef77f8e8bd7df6935661673ff20d83c8df23b09be0711d8
00423-antrag.xlsx,346822,0fd352a7cbd244e4bbe8a5e680929d54c4715b6d600d34b3ca2bf62b90c93bed
00424-vertrag.docx,346783,344f2c0f42b4653069051d011d51e147aca37c8df315b2fc2a463a5c25ea7155
00425-bescheid.pptx,345468,8d43326040f8ea7855c0470194f66116e6bf9d10e00ee15cb98c08d0ea0514ae
00426-zuwendung.odt,296261,1ac45c8370877008f4f825d01557a28ac3639e2e740fd44e93e92b2445c9ab19
00427-widerspruch.ods,297374,cd7a6880cf9e24db70f0ebd4ffec14823a6a807b691722353d3ab833a202c77a
00428-ausschreibung.odt,296145,ecc735d7dd676f50e50240d80141293ab692695867e0dc7085626dd3b0574a4b
00429-protokoll.ods,297382,665bbea2d0a391a6bb2fe8b60d70bee74eb0061868a24c200fe446e5815b2670
00430-gutachten.ods,297373,5d5c9d3199244670bc7f872b319a859c831fe8502d41705fbbc89b18de322a8c
00431-ausschreibung.odt,296220,9e2ce6788e0ebbf3e16e323064d8804d20a93ec434b1e582053a8f7e035a69d4
00432-antrag.odt,296199,1449e596715301c5fc45830a25049923b76c7653e2818ab859c5059f2a72b49f
00433-aktenvermerk.ods,297457,a2ee1d56cf040603f2fcf6ca1a9555bc2fef031e563bd22ae749d4de4ba46b7a
00434-haushalt.ods,297319,261179cfbc6a1f53126d2a74923f3836e1bd029f190097423a34b4014ebc632d
00435-bescheid.odt,296161,2718ba5ca775a6ebfe49d4d67326f92bef921c45f14bb6dc691bad2129c0e683
00436-haushalt.odt,296256,e71ecfe7d2f3206ab656b444f2de4f13362df6fc951aa0d967629de2d804e90d
00437-gutachten.ods,297407,cb6727f43dec669527a61af0555ff336bcb5d735eb78ba1754b6e150954236bc
00438-schriftwechsel.ods,297399,81b52bee734f9eb67a289db2afe3c0635f17e9d80387114dd56d434f1b447660
00439-rechnung.ods,297423,0abb404f2d628e0c49e412104d0caf59984d0846f204d4914d9c3a8153ef2145
00440-protokoll.ods,297362,2e2042096db72c533f28a205ce3cccedc30d2ee5a1fcbb7190c193787ef12122
00441-protokoll.ods,297357,57a118c39c4715118f25bf0ee643f7dadd34cd8ea8b71f1c6efedcaa4e781794
00442-gutachten.ods,297338,6cc0bcebf625e5ed9a715b902feb9eeeacf390ca41ff40da9857b3c8ea842dcd
00443-rechnung.odt,296247,7619d8c5a6137e041ff2a8568154845f88db65db92c73a158d3aafb21453f0dc
00444-beschluss.odt,296273,f26b06cb5f46938211660a5355b9fa2c5840c8486b6492af7c6ef6dab884aa00
00445-bescheid.ods,297332,9c5f7287ab15965a27d64962dddb91fa8f8709d78ce8608fe1f4f15b980bba36
00446-protokoll.ods,297389,125fd7a5ab94550a41ca40ccc8d438d509bd24361a930be1f68f10e9d2ec828c
00447-vergabe.ods,297459,e79977ba92ab76eb17700c4c3af11732808b95bb843b1c3814fab5b8ac38c84a
00448-vertrag.ods,297400,e68a2d9f3bdb82a41e6864c3e096d5b892c965d7ad22b61cc44f4f01fe6cc365
00449-anlage.odt,296225,332bea32246ac1cca458dd684565a0a4d2d5fbfe22e35cab1f2ac3dfca320d97
00450-gutachten.ods,297368,695621e167e2c85a58798f2e94d4cc2f61332bb76f823b0c0ab66f871ae9347a
00451-rechnung.ods,297367,a40df28c8469979ff5251ab790067a86a4a71339d804def833e17e4e37a289bc
00452-beschluss.odt,296126,dd71445d1ba1b7466c8f6364f2c358ce64d55dcb9b8b6c7ada9b35235861e792
00453-kostenaufstellung.odt,296174,db4784579d0f473a8756b147d2b1189a3483eef49b41b80b619a24ad257167c1
00454-niederschrift.ods,297354,c5db81dde63101d04c64b39c60f130bab76dcecfa13844d19169bc8d40a11093
00455-gutachten.ods,297328,715283b55db2aee78fabd83d37f650b05e67bb6add579aedebc6efe2d5f21168
00456-schriftwechsel.ods,297379,2de4c3a3c588e4a9b45e75a0786275b99ae15df7ff98564a9323fee318ad7c4c
00457-ausschreibung.ods,297416,7db8f541f2b638494a52e50ab493bbea2fa5f0a1685082e9d8faaf7fcca48746
00458-bescheid.ods,297447,db831926530ddc2fbb423d6aacaee2a6ef58cf12ddb236cc9aea80750990835d
00459-kostenaufstellung.odt,296255,d3d79b0415e4fa626e79527dd618a64b18d5bf97a4239f73f3468f36e2e03718
00460-vertrag.ods,297350,af3812fe7ce7370b7be289b2a932ea714879fbeaaad0c7fd10b1738af8dd1922
00461-mitteilung.ods,297417,f021b8d7d17310650c428ac9e12183c608c72d4db0d01928902221ef0d95c99a
00462-stellungnahme.odt,296165,bcd91c8afcc2917c04759aa63891ba0bc313127b5fb25e43748dfcf4913b3477
00463-stellungnahme.odt,296255,620839fe0f9a95b46beb76da9d72150b6a0006d67ec7549d763ae22f748b647b
00464-haushalt.ods,297402,8295fb362ff6a3423f11c4677b9d9965c501c542ce1d6764691035ce9a248d82
00465-haushalt.odt,296300,d41d211f506b41da22945233482ca10c3db8ece16be8cbbc5cf0e6d72cbe7bc5
00466-niederschrift.ods,297392,770f043f8317c3b635427f5a04001ecf22625b91a5c4d96e8eb369689f964cb2
00467-bericht.ods,297362,568ff731d1d4031d3191cf03aa30f21152b5043fc9cb158599a424419dd51d3e
00468-bescheid.ods,297349,16883936c9c1247eb8b942b18c79f368055818a8f4b529be6d49f0e7dcb5097c
00469-haushalt.ods,297321,e9df7cd82fd87726c5557a5113982149a15a119154db755e6a121cf2a3bcabd9
00470-antrag.odt,296215,80995830997210975f1fd269e05b8b0fbc4f050622815fe7e6e9e6c16277ccb6
00471-schriftwechsel.ods,297368,ffe0e7307102369f6dc272489dcbe93cbd2e67a8e367c55e85a9be3a0089c751
00472-haushalt.ods,297386,5fa7274bbe6a42dace56c01adf00682369a6a73a37d60628edef62e183607cfd
00473-bescheid.ods,297320,bba47d84a72fbf316db82136afb8c06d15d4cdccbf137424720f6c9f99892da2
00474-ausschreibung.ods,297411,0492554cee4fb73fb75bf9016fb214f6e83db46019d184a946f41a9fe0011665
00475-schriftwechsel.odt,296230,15423ae328835420419a537511fd1a3dd1a8313f54ea76f65aae74ffabd66a23
00476-bescheid.md,102115,a8b2c25cfb58ff85b0794cf2d01f42f6d7d2657f29780bd1f0fd0711ac421f32
00477-ausschreibung.md,102355,ad74a8a70017968906b72ccb6e781cc0a1ca0a4c6cd5fb68b4fa58b9d1ba91bd
00478-bescheid.csv,102771,77e81008e26e7604b77d827c432eccb5433e1e252abc7834608e96aaf70da420
00479-bericht.md,101004,3a1c15975f08bfd76b9e26d6fbc32e20bcfdd37edcf0003778af6bcc9d52c26a
00480-rechnung.md,102281,4d25197bcf2eae2525c27ec133c6443c0dc397fc59900c57e4de63dd3039f648
00481-anlage.csv,102419,b101865d94f242b7da3bf90f920beded2756527679483ba9e1cd95fc95dcade4
00482-widerspruch.md,102374,65705e309addb868b631d2c2afe5195b7f676d77a6f44b84e9934bbdce8bb488
00483-rechnung.txt,100729,3db6998a5a29feb111702309e3fb7566f7452832e7e2544641276e2bcf102199
00484-anlage.md,100775,790a89f633351c5de8ee8e3cd54770510e665e53024f6084b66ed46168412c6c
00485-anlage.csv,102311,76268fbb74a96fa1b798e520a4035715debf9d142d9712251d22c2cae8cb2875
00486-gutachten.csv,102614,10e6b2e1d86509ab27f5c5a100efc4cebabfe1b02868c42c269144a35b616650
00487-vergabe.txt,103429,ffa3bcd6debcbdb2effafe07a19b0a6fc80b9f6bf2a92dfa94d29b9ca01bc19b
00488-vorlage.csv,102736,a3e8ee54f25e007de60f7b11ef62df4f44c32bc690faa86de316c0c6137adabc
00489-bericht.csv,100397,e684329abe8f59568e7d5eb5f10bd27d7e7f891ed3b34032266a8b8ff0170953
00490-schriftwechsel.md,101081,02cdc5340f5e9aa2dde62a8f2d0e9ede5bfcccc2fe14d39ab5fb99d8dfdec0cf
00491-aktenvermerk.md,100988,35b1ca07c5a1614aac0592e1caaae066f67bf05c31b63865957525d9877b3ef7
00492-protokoll.txt,102872,8bdf1815ccc46c17d964ce6cf6d09c017486fbc0419fdf84e9302a74f2baa360
00493-kostenaufstellung.csv,102691,ae08e3d118865d86e848c195cb9dd1f6976cc6d7c7634a45659a40872ca377fc
00494-anlage.md,102188,492411cede25c7b0a9396a0383c82bd14ffba20b1e7bba41551aa204d8cf02de
00495-zuwendung.txt,100927,4fff4d9c30e47ebcffd03190bcf12a9a9d1b45d45517beaa84ee4b89194fff6b
00496-antrag.txt,103247,1f54df05f84249711573b62400ed7fdb7f3fbcf867dae830bd0cd50dd13abdbb
00497-ausschreibung.csv,100285,57f24d0fcf1e730037650c349653b6712c2cc0a41643eb19c1fcf903bbeeca7d
00498-haushalt.txt,102677,c7c0d2118ad4297898aeffa873855d4c753d0f8393b5df8815c5a222036460c3
00499-mitteilung.jpg,1499957,0bf1f67ffdf102cd3310d6e77b1c225d03b8469d39b3f9573d2aa3f5aa28f8c5
00500-vermerk.csv,56002217,3def38990df7b10add33bd478ad4ce81521d244a48db7479abcb411167590ba5
