language	lemma	form	recipe	tokens
es	información	información	A	informacion
es	información	informacion	A	informacion
es	información	informaciones	A	inform
es	administración	administración	A	administracion
es	administración	administracion	A	administracion
es	alemán	alemán	A	alem
es	alemán	aleman	A	alem
es	alemán	alemanes	A	aleman
es	alemán	alemana	A	aleman
es	alemán	alemanas	A	aleman
es	capitán	capitán	A	capit
es	capitán	capitanes	A	capitan
es	año	año	A	ano
es	año	ano	A	ano
es	año	años	A	anos
es	año	anos	A	anos
es	ciudad	ciudad	A	ciud
es	ciudad	ciudades	A	ciudad
es	joven	joven	A	jov
es	joven	jóvenes	A	joven
es	imagen	imagen	A	imag
es	imagen	imágenes	A	imagen
es	examen	examen	A	exam
es	examen	exámenes	A	examen
es	página	página	A	pagin
es	página	pagina	A	pagin
es	página	páginas	A	pagin
es	página	paginas	A	pagin
es	número	número	A	numer
es	número	numero	A	numer
es	número	números	A	numer
es	número	numeros	A	numer
es	código	código	A	codig
es	código	codigo	A	codig
es	código	códigos	A	codig
es	código	codigos	A	codig
es	teléfono	teléfono	A	telefon
es	teléfono	telefono	A	telefon
es	teléfono	teléfonos	A	telefon
es	teléfono	telefonos	A	telefon
es	artículo	artículo	A	articul
es	artículo	articulo	A	articul
es	artículo	artículos	A	articul
es	artículo	articulos	A	articul
es	razón	razón	A	razon
es	razón	razon	A	razon
es	razón	razones	A	razon
es	dirección	dirección	A	direccion
es	dirección	direccion	A	direccion
es	dirección	direcciones	A	direccion
es	estación	estación	A	estacion
es	estación	estacion	A	estacion
es	estación	estaciones	A	estacion
es	región	región	A	region
es	región	region	A	region
es	región	regiones	A	region
es	sección	sección	A	seccion
es	sección	seccion	A	seccion
es	sección	secciones	A	seccion
es	versión	versión	A	version
es	versión	version	A	version
es	versión	versiones	A	version
es	información	información	Aplus	informacion
es	información	informacion	Aplus	informacion
es	información	informaciones	Aplus	inform
es	administración	administración	Aplus	administracion
es	administración	administracion	Aplus	administracion
es	alemán	alemán	Aplus	alem
es	alemán	aleman	Aplus	alem
es	alemán	alemanes	Aplus	aleman
es	alemán	alemana	Aplus	aleman
es	alemán	alemanas	Aplus	aleman
es	capitán	capitán	Aplus	capit
es	capitán	capitanes	Aplus	capitan
es	año	año	Aplus	ano
es	año	ano	Aplus	ano
es	año	años	Aplus	anos
es	año	anos	Aplus	anos
es	ciudad	ciudad	Aplus	ciud
es	ciudad	ciudades	Aplus	ciudad
es	joven	joven	Aplus	jov
es	joven	jóvenes	Aplus	joven
es	imagen	imagen	Aplus	imag
es	imagen	imágenes	Aplus	imagen
es	examen	examen	Aplus	exam
es	examen	exámenes	Aplus	examen
es	página	página	Aplus	pagin
es	página	pagina	Aplus	pagin
es	página	páginas	Aplus	pagin
es	página	paginas	Aplus	pagin
es	número	número	Aplus	numer
es	número	numero	Aplus	numer
es	número	números	Aplus	numer
es	número	numeros	Aplus	numer
es	código	código	Aplus	codig
es	código	codigo	Aplus	codig
es	código	códigos	Aplus	codig
es	código	codigos	Aplus	codig
es	teléfono	teléfono	Aplus	telefon
es	teléfono	telefono	Aplus	telefon
es	teléfono	teléfonos	Aplus	telefon
es	teléfono	telefonos	Aplus	telefon
es	artículo	artículo	Aplus	articul
es	artículo	articulo	Aplus	articul
es	artículo	artículos	Aplus	articul
es	artículo	articulos	Aplus	articul
es	razón	razón	Aplus	razon
es	razón	razon	Aplus	razon
es	razón	razones	Aplus	razon
es	dirección	dirección	Aplus	direccion
es	dirección	direccion	Aplus	direccion
es	dirección	direcciones	Aplus	direccion
es	estación	estación	Aplus	estacion
es	estación	estacion	Aplus	estacion
es	estación	estaciones	Aplus	estacion
es	región	región	Aplus	region
es	región	region	Aplus	region
es	región	regiones	Aplus	region
es	sección	sección	Aplus	seccion
es	sección	seccion	Aplus	seccion
es	sección	secciones	Aplus	seccion
es	versión	versión	Aplus	version
es	versión	version	Aplus	version
es	versión	versiones	Aplus	version
es	información	información	B	informacion
es	información	informacion	B	informacion
es	información	informaciones	B	inform
es	administración	administración	B	administracion
es	administración	administracion	B	administracion
es	alemán	alemán	B	alem
es	alemán	aleman	B	alem
es	alemán	alemanes	B	aleman
es	alemán	alemana	B	aleman
es	alemán	alemanas	B	aleman
es	capitán	capitán	B	capit
es	capitán	capitanes	B	capitan
es	año	año	B	ano
es	año	ano	B	ano
es	año	años	B	anos
es	año	anos	B	anos
es	ciudad	ciudad	B	ciud
es	ciudad	ciudades	B	ciudad
es	joven	joven	B	jov
es	joven	jóvenes	B	joven
es	imagen	imagen	B	imag
es	imagen	imágenes	B	imagen
es	examen	examen	B	exam
es	examen	exámenes	B	examen
es	página	página	B	pagin
es	página	pagina	B	pagin
es	página	páginas	B	pagin
es	página	paginas	B	pagin
es	número	número	B	numer
es	número	numero	B	numer
es	número	números	B	numer
es	número	numeros	B	numer
es	código	código	B	codig
es	código	codigo	B	codig
es	código	códigos	B	codig
es	código	codigos	B	codig
es	teléfono	teléfono	B	telefon
es	teléfono	telefono	B	telefon
es	teléfono	teléfonos	B	telefon
es	teléfono	telefonos	B	telefon
es	artículo	artículo	B	articul
es	artículo	articulo	B	articul
es	artículo	artículos	B	articul
es	artículo	articulos	B	articul
es	razón	razón	B	razon
es	razón	razon	B	razon
es	razón	razones	B	razon
es	dirección	dirección	B	direccion
es	dirección	direccion	B	direccion
es	dirección	direcciones	B	direccion
es	estación	estación	B	estacion
es	estación	estacion	B	estacion
es	estación	estaciones	B	estacion
es	región	región	B	region
es	región	region	B	region
es	región	regiones	B	region
es	sección	sección	B	seccion
es	sección	seccion	B	seccion
es	sección	secciones	B	seccion
es	versión	versión	B	version
es	versión	version	B	version
es	versión	versiones	B	version
es	información	información	Bplus	informacion
es	información	informacion	Bplus	informacion
es	información	informaciones	Bplus	inform
es	administración	administración	Bplus	administracion
es	administración	administracion	Bplus	administracion
es	alemán	alemán	Bplus	alem
es	alemán	aleman	Bplus	alem
es	alemán	alemanes	Bplus	aleman
es	alemán	alemana	Bplus	aleman
es	alemán	alemanas	Bplus	aleman
es	capitán	capitán	Bplus	capit
es	capitán	capitanes	Bplus	capitan
es	año	año	Bplus	ano
es	año	ano	Bplus	ano
es	año	años	Bplus	anos
es	año	anos	Bplus	anos
es	ciudad	ciudad	Bplus	ciud
es	ciudad	ciudades	Bplus	ciudad
es	joven	joven	Bplus	jov
es	joven	jóvenes	Bplus	joven
es	imagen	imagen	Bplus	imag
es	imagen	imágenes	Bplus	imagen
es	examen	examen	Bplus	exam
es	examen	exámenes	Bplus	examen
es	página	página	Bplus	pagin
es	página	pagina	Bplus	pagin
es	página	páginas	Bplus	pagin
es	página	paginas	Bplus	pagin
es	número	número	Bplus	numer
es	número	numero	Bplus	numer
es	número	números	Bplus	numer
es	número	numeros	Bplus	numer
es	código	código	Bplus	codig
es	código	codigo	Bplus	codig
es	código	códigos	Bplus	codig
es	código	codigos	Bplus	codig
es	teléfono	teléfono	Bplus	telefon
es	teléfono	telefono	Bplus	telefon
es	teléfono	teléfonos	Bplus	telefon
es	teléfono	telefonos	Bplus	telefon
es	artículo	artículo	Bplus	articul
es	artículo	articulo	Bplus	articul
es	artículo	artículos	Bplus	articul
es	artículo	articulos	Bplus	articul
es	razón	razón	Bplus	razon
es	razón	razon	Bplus	razon
es	razón	razones	Bplus	razon
es	dirección	dirección	Bplus	direccion
es	dirección	direccion	Bplus	direccion
es	dirección	direcciones	Bplus	direccion
es	estación	estación	Bplus	estacion
es	estación	estacion	Bplus	estacion
es	estación	estaciones	Bplus	estacion
es	región	región	Bplus	region
es	región	region	Bplus	region
es	región	regiones	Bplus	region
es	sección	sección	Bplus	seccion
es	sección	seccion	Bplus	seccion
es	sección	secciones	Bplus	seccion
es	versión	versión	Bplus	version
es	versión	version	Bplus	version
es	versión	versiones	Bplus	version
es	información	información	C	inform
es	información	informacion	C	informacion
es	información	informaciones	C	inform
es	administración	administración	C	administr
es	administración	administracion	C	administracion
es	alemán	alemán	C	aleman
es	alemán	aleman	C	alem
es	alemán	alemanes	C	aleman
es	alemán	alemana	C	aleman
es	alemán	alemanas	C	aleman
es	capitán	capitán	C	capitan
es	capitán	capitanes	C	capitan
es	año	año	C	ano
es	año	ano	C	ano
es	año	años	C	anos
es	año	anos	C	anos
es	ciudad	ciudad	C	ciud
es	ciudad	ciudades	C	ciudad
es	joven	joven	C	jov
es	joven	jóvenes	C	joven
es	imagen	imagen	C	imag
es	imagen	imágenes	C	imagen
es	examen	examen	C	exam
es	examen	exámenes	C	examen
es	página	página	C	pagin
es	página	pagina	C	pagin
es	página	páginas	C	pagin
es	página	paginas	C	pagin
es	número	número	C	numer
es	número	numero	C	numer
es	número	números	C	numer
es	número	numeros	C	numer
es	código	código	C	codig
es	código	codigo	C	codig
es	código	códigos	C	codig
es	código	codigos	C	codig
es	teléfono	teléfono	C	telefon
es	teléfono	telefono	C	telefon
es	teléfono	teléfonos	C	telefon
es	teléfono	telefonos	C	telefon
es	artículo	artículo	C	articul
es	artículo	articulo	C	articul
es	artículo	artículos	C	articul
es	artículo	articulos	C	articul
es	razón	razón	C	razon
es	razón	razon	C	razon
es	razón	razones	C	razon
es	dirección	dirección	C	direccion
es	dirección	direccion	C	direccion
es	dirección	direcciones	C	direccion
es	estación	estación	C	estacion
es	estación	estacion	C	estacion
es	estación	estaciones	C	estacion
es	región	región	C	region
es	región	region	C	region
es	región	regiones	C	region
es	sección	sección	C	seccion
es	sección	seccion	C	seccion
es	sección	secciones	C	seccion
es	versión	versión	C	version
es	versión	version	C	version
es	versión	versiones	C	version
es	información	información	Cplus	inform
es	información	informacion	Cplus	informacion
es	información	informaciones	Cplus	inform
es	administración	administración	Cplus	administr
es	administración	administracion	Cplus	administracion
es	alemán	alemán	Cplus	aleman
es	alemán	aleman	Cplus	alem
es	alemán	alemanes	Cplus	aleman
es	alemán	alemana	Cplus	aleman
es	alemán	alemanas	Cplus	aleman
es	capitán	capitán	Cplus	capitan
es	capitán	capitanes	Cplus	capitan
es	año	año	Cplus	ano
es	año	ano	Cplus	ano
es	año	años	Cplus	anos
es	año	anos	Cplus	anos
es	ciudad	ciudad	Cplus	ciud
es	ciudad	ciudades	Cplus	ciudad
es	joven	joven	Cplus	jov
es	joven	jóvenes	Cplus	joven
es	imagen	imagen	Cplus	imag
es	imagen	imágenes	Cplus	imagen
es	examen	examen	Cplus	exam
es	examen	exámenes	Cplus	examen
es	página	página	Cplus	pagin
es	página	pagina	Cplus	pagin
es	página	páginas	Cplus	pagin
es	página	paginas	Cplus	pagin
es	número	número	Cplus	numer
es	número	numero	Cplus	numer
es	número	números	Cplus	numer
es	número	numeros	Cplus	numer
es	código	código	Cplus	codig
es	código	codigo	Cplus	codig
es	código	códigos	Cplus	codig
es	código	codigos	Cplus	codig
es	teléfono	teléfono	Cplus	telefon
es	teléfono	telefono	Cplus	telefon
es	teléfono	teléfonos	Cplus	telefon
es	teléfono	telefonos	Cplus	telefon
es	artículo	artículo	Cplus	articul
es	artículo	articulo	Cplus	articul
es	artículo	artículos	Cplus	articul
es	artículo	articulos	Cplus	articul
es	razón	razón	Cplus	razon
es	razón	razon	Cplus	razon
es	razón	razones	Cplus	razon
es	dirección	dirección	Cplus	direccion
es	dirección	direccion	Cplus	direccion
es	dirección	direcciones	Cplus	direccion
es	estación	estación	Cplus	estacion
es	estación	estacion	Cplus	estacion
es	estación	estaciones	Cplus	estacion
es	región	región	Cplus	region
es	región	region	Cplus	region
es	región	regiones	Cplus	region
es	sección	sección	Cplus	seccion
es	sección	seccion	Cplus	seccion
es	sección	secciones	Cplus	seccion
es	versión	versión	Cplus	version
es	versión	version	Cplus	version
es	versión	versiones	Cplus	version
es	información	información	Dplus	informacion
es	información	informacion	Dplus	informacion
es	información	informaciones	Dplus	inform
es	administración	administración	Dplus	administracion
es	administración	administracion	Dplus	administracion
es	alemán	alemán	Dplus	alem
es	alemán	aleman	Dplus	alem
es	alemán	alemanes	Dplus	aleman
es	alemán	alemana	Dplus	aleman
es	alemán	alemanas	Dplus	aleman
es	capitán	capitán	Dplus	capit
es	capitán	capitanes	Dplus	capitan
es	año	año	Dplus	ano
es	año	ano	Dplus	ano
es	año	años	Dplus	anos
es	año	anos	Dplus	anos
es	ciudad	ciudad	Dplus	ciud
es	ciudad	ciudades	Dplus	ciudad
es	joven	joven	Dplus	jov
es	joven	jóvenes	Dplus	joven
es	imagen	imagen	Dplus	imag
es	imagen	imágenes	Dplus	imagen
es	examen	examen	Dplus	exam
es	examen	exámenes	Dplus	examen
es	página	página	Dplus	pagin
es	página	pagina	Dplus	pagin
es	página	páginas	Dplus	pagin
es	página	paginas	Dplus	pagin
es	número	número	Dplus	numer
es	número	numero	Dplus	numer
es	número	números	Dplus	numer
es	número	numeros	Dplus	numer
es	código	código	Dplus	codig
es	código	codigo	Dplus	codig
es	código	códigos	Dplus	codig
es	código	codigos	Dplus	codig
es	teléfono	teléfono	Dplus	telefon
es	teléfono	telefono	Dplus	telefon
es	teléfono	teléfonos	Dplus	telefon
es	teléfono	telefonos	Dplus	telefon
es	artículo	artículo	Dplus	articul
es	artículo	articulo	Dplus	articul
es	artículo	artículos	Dplus	articul
es	artículo	articulos	Dplus	articul
es	razón	razón	Dplus	razon
es	razón	razon	Dplus	razon
es	razón	razones	Dplus	razon
es	dirección	dirección	Dplus	direccion
es	dirección	direccion	Dplus	direccion
es	dirección	direcciones	Dplus	direccion
es	estación	estación	Dplus	estacion
es	estación	estacion	Dplus	estacion
es	estación	estaciones	Dplus	estacion
es	región	región	Dplus	region
es	región	region	Dplus	region
es	región	regiones	Dplus	region
es	sección	sección	Dplus	seccion
es	sección	seccion	Dplus	seccion
es	sección	secciones	Dplus	seccion
es	versión	versión	Dplus	version
es	versión	version	Dplus	version
es	versión	versiones	Dplus	version
it	qualità	qualità	A	qual
it	qualità	qualita	A	qual
it	città	città	A	citt
it	città	citta	A	citt
it	società	società	A	societ
it	società	societa	A	societ
it	università	università	A	univers
it	università	universita	A	univers
it	attività	attività	A	attiv
it	attività	attivita	A	attiv
it	comunità	comunità	A	comun
it	comunità	comunita	A	comun
it	identità	identità	A	ident
it	identità	identita	A	ident
it	possibilità	possibilità	A	possibil
it	possibilità	possibilita	A	possibil
it	realtà	realtà	A	realt
it	realtà	realta	A	realt
it	libertà	libertà	A	libert
it	libertà	liberta	A	libert
it	velocità	velocità	A	veloc
it	velocità	velocita	A	veloc
it	virtù	virtù	A	virtu
it	virtù	virtu	A	virtu
it	lunedì	lunedì	A	luned
it	lunedì	lunedi	A	luned
it	caffè	caffè	A	caff
it	caffè	caffe	A	caff
it	qualità	qualità	Aplus	qual
it	qualità	qualita	Aplus	qual
it	città	città	Aplus	citt
it	città	citta	Aplus	citt
it	società	società	Aplus	societ
it	società	societa	Aplus	societ
it	università	università	Aplus	univers
it	università	universita	Aplus	univers
it	attività	attività	Aplus	attiv
it	attività	attivita	Aplus	attiv
it	comunità	comunità	Aplus	comun
it	comunità	comunita	Aplus	comun
it	identità	identità	Aplus	ident
it	identità	identita	Aplus	ident
it	possibilità	possibilità	Aplus	possibil
it	possibilità	possibilita	Aplus	possibil
it	realtà	realtà	Aplus	realt
it	realtà	realta	Aplus	realt
it	libertà	libertà	Aplus	libert
it	libertà	liberta	Aplus	libert
it	velocità	velocità	Aplus	veloc
it	velocità	velocita	Aplus	veloc
it	virtù	virtù	Aplus	virtu
it	virtù	virtu	Aplus	virtu
it	lunedì	lunedì	Aplus	luned
it	lunedì	lunedi	Aplus	luned
it	caffè	caffè	Aplus	caff
it	caffè	caffe	Aplus	caff
it	qualità	qualità	B	qual
it	qualità	qualita	B	qual
it	città	città	B	citt
it	città	citta	B	citt
it	società	società	B	societ
it	società	societa	B	societ
it	università	università	B	univers
it	università	universita	B	univers
it	attività	attività	B	attiv
it	attività	attivita	B	attiv
it	comunità	comunità	B	comun
it	comunità	comunita	B	comun
it	identità	identità	B	ident
it	identità	identita	B	ident
it	possibilità	possibilità	B	possibil
it	possibilità	possibilita	B	possibil
it	realtà	realtà	B	realt
it	realtà	realta	B	realt
it	libertà	libertà	B	libert
it	libertà	liberta	B	libert
it	velocità	velocità	B	veloc
it	velocità	velocita	B	veloc
it	virtù	virtù	B	virtu
it	virtù	virtu	B	virtu
it	lunedì	lunedì	B	luned
it	lunedì	lunedi	B	luned
it	caffè	caffè	B	caff
it	caffè	caffe	B	caff
it	qualità	qualità	Bplus	qual
it	qualità	qualita	Bplus	qual
it	città	città	Bplus	citt
it	città	citta	Bplus	citt
it	società	società	Bplus	societ
it	società	societa	Bplus	societ
it	università	università	Bplus	univers
it	università	universita	Bplus	univers
it	attività	attività	Bplus	attiv
it	attività	attivita	Bplus	attiv
it	comunità	comunità	Bplus	comun
it	comunità	comunita	Bplus	comun
it	identità	identità	Bplus	ident
it	identità	identita	Bplus	ident
it	possibilità	possibilità	Bplus	possibil
it	possibilità	possibilita	Bplus	possibil
it	realtà	realtà	Bplus	realt
it	realtà	realta	Bplus	realt
it	libertà	libertà	Bplus	libert
it	libertà	liberta	Bplus	libert
it	velocità	velocità	Bplus	veloc
it	velocità	velocita	Bplus	veloc
it	virtù	virtù	Bplus	virtu
it	virtù	virtu	Bplus	virtu
it	lunedì	lunedì	Bplus	luned
it	lunedì	lunedi	Bplus	luned
it	caffè	caffè	Bplus	caff
it	caffè	caffe	Bplus	caff
it	qualità	qualità	C	qualit
it	qualità	qualita	C	qual
it	città	città	C	citt
it	città	citta	C	citt
it	società	società	C	societ
it	società	societa	C	societ
it	università	università	C	univers
it	università	universita	C	univers
it	attività	attività	C	attiv
it	attività	attivita	C	attiv
it	comunità	comunità	C	comun
it	comunità	comunita	C	comun
it	identità	identità	C	ident
it	identità	identita	C	ident
it	possibilità	possibilità	C	possibil
it	possibilità	possibilita	C	possibil
it	realtà	realtà	C	realt
it	realtà	realta	C	realt
it	libertà	libertà	C	libert
it	libertà	liberta	C	libert
it	velocità	velocità	C	veloc
it	velocità	velocita	C	veloc
it	virtù	virtù	C	virtu
it	virtù	virtu	C	virtu
it	lunedì	lunedì	C	luned
it	lunedì	lunedi	C	luned
it	caffè	caffè	C	caff
it	caffè	caffe	C	caff
it	qualità	qualità	Cplus	qualit
it	qualità	qualita	Cplus	qual
it	città	città	Cplus	citt
it	città	citta	Cplus	citt
it	società	società	Cplus	societ
it	società	societa	Cplus	societ
it	università	università	Cplus	univers
it	università	universita	Cplus	univers
it	attività	attività	Cplus	attiv
it	attività	attivita	Cplus	attiv
it	comunità	comunità	Cplus	comun
it	comunità	comunita	Cplus	comun
it	identità	identità	Cplus	ident
it	identità	identita	Cplus	ident
it	possibilità	possibilità	Cplus	possibil
it	possibilità	possibilita	Cplus	possibil
it	realtà	realtà	Cplus	realt
it	realtà	realta	Cplus	realt
it	libertà	libertà	Cplus	libert
it	libertà	liberta	Cplus	libert
it	velocità	velocità	Cplus	veloc
it	velocità	velocita	Cplus	veloc
it	virtù	virtù	Cplus	virtu
it	virtù	virtu	Cplus	virtu
it	lunedì	lunedì	Cplus	luned
it	lunedì	lunedi	Cplus	luned
it	caffè	caffè	Cplus	caff
it	caffè	caffe	Cplus	caff
it	qualità	qualità	Dplus	qual
it	qualità	qualita	Dplus	qual
it	città	città	Dplus	citt
it	città	citta	Dplus	citt
it	società	società	Dplus	societ
it	società	societa	Dplus	societ
it	università	università	Dplus	univers
it	università	universita	Dplus	univers
it	attività	attività	Dplus	attiv
it	attività	attivita	Dplus	attiv
it	comunità	comunità	Dplus	comun
it	comunità	comunita	Dplus	comun
it	identità	identità	Dplus	ident
it	identità	identita	Dplus	ident
it	possibilità	possibilità	Dplus	possibil
it	possibilità	possibilita	Dplus	possibil
it	realtà	realtà	Dplus	realt
it	realtà	realta	Dplus	realt
it	libertà	libertà	Dplus	libert
it	libertà	liberta	Dplus	libert
it	velocità	velocità	Dplus	veloc
it	velocità	velocita	Dplus	veloc
it	virtù	virtù	Dplus	virtu
it	virtù	virtu	Dplus	virtu
it	lunedì	lunedì	Dplus	luned
it	lunedì	lunedi	Dplus	luned
it	caffè	caffè	Dplus	caff
it	caffè	caffe	Dplus	caff
nl	coördinatie	coördinatie	A	coordinatie
nl	coördinatie	coordinatie	A	coordinatie
nl	financiën	financiën	A	financien
nl	financiën	financien	A	financien
nl	beïnvloeden	beïnvloeden	A	beinvloed
nl	beïnvloeden	beinvloeden	A	beinvloed
nl	beïnvloeden	beïnvloed	A	beinvloed
nl	beïnvloeden	beinvloed	A	beinvloed
nl	privé	privé	A	priv
nl	privé	prive	A	priv
nl	privé	privés	A	prives
nl	privé	prives	A	prives
nl	huis	huis	A	huis
nl	huis	huizen	A	huiz
nl	bedrijf	bedrijf	A	bedrijf
nl	bedrijf	bedrijven	A	bedrijv
nl	gemeente	gemeente	A	gemeent
nl	gemeente	gemeentes	A	gemeentes
nl	kind	kind	A	kind
nl	kind	kinderen	A	kinder
nl	stad	stad	A	stad
nl	stad	steden	A	sted
nl	boek	boek	A	boek
nl	boek	boeken	A	boek
nl	dorp	dorp	A	dorp
nl	dorp	dorpen	A	dorp
nl	café	café	A	caf
nl	café	cafés	A	cafes
nl	woning	woning	A	woning
nl	woning	woningen	A	woning
nl	woning	woningetje	A	woningetj
nl	coördinatie	coördinatie	Aplus	coordinatie
nl	coördinatie	coordinatie	Aplus	coordinatie
nl	financiën	financiën	Aplus	financien
nl	financiën	financien	Aplus	financien
nl	beïnvloeden	beïnvloeden	Aplus	beinvloed
nl	beïnvloeden	beinvloeden	Aplus	beinvloed
nl	beïnvloeden	beïnvloed	Aplus	beinvloed
nl	beïnvloeden	beinvloed	Aplus	beinvloed
nl	privé	privé	Aplus	priv
nl	privé	prive	Aplus	priv
nl	privé	privés	Aplus	prives
nl	privé	prives	Aplus	prives
nl	huis	huis	Aplus	huis
nl	huis	huizen	Aplus	huiz
nl	bedrijf	bedrijf	Aplus	bedrijf
nl	bedrijf	bedrijven	Aplus	bedrijv
nl	gemeente	gemeente	Aplus	gemeent
nl	gemeente	gemeentes	Aplus	gemeentes
nl	kind	kind	Aplus	kind
nl	kind	kinderen	Aplus	kinder
nl	stad	stad	Aplus	stad
nl	stad	steden	Aplus	sted
nl	boek	boek	Aplus	boek
nl	boek	boeken	Aplus	boek
nl	dorp	dorp	Aplus	dorp
nl	dorp	dorpen	Aplus	dorp
nl	café	café	Aplus	caf
nl	café	cafés	Aplus	cafes
nl	woning	woning	Aplus	woning
nl	woning	woningen	Aplus	woning
nl	woning	woningetje	Aplus	woningetj
nl	coördinatie	coördinatie	B	coordinatie
nl	coördinatie	coordinatie	B	coordinatie
nl	financiën	financiën	B	financien
nl	financiën	financien	B	financien
nl	beïnvloeden	beïnvloeden	B	beinvloed
nl	beïnvloeden	beinvloeden	B	beinvloed
nl	beïnvloeden	beïnvloed	B	beinvloed
nl	beïnvloeden	beinvloed	B	beinvloed
nl	privé	privé	B	priv
nl	privé	prive	B	priv
nl	privé	privés	B	prives
nl	privé	prives	B	prives
nl	huis	huis	B	huis
nl	huis	huizen	B	huiz
nl	bedrijf	bedrijf	B	bedrijf
nl	bedrijf	bedrijven	B	bedrijv
nl	gemeente	gemeente	B	gemeent
nl	gemeente	gemeentes	B	gemeentes
nl	kind	kind	B	kind
nl	kind	kinderen	B	kinder
nl	stad	stad	B	stad
nl	stad	steden	B	sted
nl	boek	boek	B	boek
nl	boek	boeken	B	boek
nl	dorp	dorp	B	dorp
nl	dorp	dorpen	B	dorp
nl	café	café	B	caf
nl	café	cafés	B	cafes
nl	woning	woning	B	woning
nl	woning	woningen	B	woning
nl	woning	woningetje	B	woningetj
nl	coördinatie	coördinatie	Bplus	coordinatie
nl	coördinatie	coordinatie	Bplus	coordinatie
nl	financiën	financiën	Bplus	financien
nl	financiën	financien	Bplus	financien
nl	beïnvloeden	beïnvloeden	Bplus	beinvloed
nl	beïnvloeden	beinvloeden	Bplus	beinvloed
nl	beïnvloeden	beïnvloed	Bplus	beinvloed
nl	beïnvloeden	beinvloed	Bplus	beinvloed
nl	privé	privé	Bplus	priv
nl	privé	prive	Bplus	priv
nl	privé	privés	Bplus	prives
nl	privé	prives	Bplus	prives
nl	huis	huis	Bplus	huis
nl	huis	huizen	Bplus	huiz
nl	bedrijf	bedrijf	Bplus	bedrijf
nl	bedrijf	bedrijven	Bplus	bedrijv
nl	gemeente	gemeente	Bplus	gemeent
nl	gemeente	gemeentes	Bplus	gemeentes
nl	kind	kind	Bplus	kind
nl	kind	kinderen	Bplus	kinder
nl	stad	stad	Bplus	stad
nl	stad	steden	Bplus	sted
nl	boek	boek	Bplus	boek
nl	boek	boeken	Bplus	boek
nl	dorp	dorp	Bplus	dorp
nl	dorp	dorpen	Bplus	dorp
nl	café	café	Bplus	caf
nl	café	cafés	Bplus	cafes
nl	woning	woning	Bplus	woning
nl	woning	woningen	Bplus	woning
nl	woning	woningetje	Bplus	woningetj
nl	coördinatie	coördinatie	C	coordinatie
nl	coördinatie	coordinatie	C	coordinatie
nl	financiën	financiën	C	financien
nl	financiën	financien	C	financien
nl	beïnvloeden	beïnvloeden	C	beinvloed
nl	beïnvloeden	beinvloeden	C	beinvloed
nl	beïnvloeden	beïnvloed	C	beinvloed
nl	beïnvloeden	beinvloed	C	beinvloed
nl	privé	privé	C	priv
nl	privé	prive	C	priv
nl	privé	privés	C	prives
nl	privé	prives	C	prives
nl	huis	huis	C	huis
nl	huis	huizen	C	huiz
nl	bedrijf	bedrijf	C	bedrijf
nl	bedrijf	bedrijven	C	bedrijv
nl	gemeente	gemeente	C	gemeent
nl	gemeente	gemeentes	C	gemeentes
nl	kind	kind	C	kind
nl	kind	kinderen	C	kinder
nl	stad	stad	C	stad
nl	stad	steden	C	sted
nl	boek	boek	C	boek
nl	boek	boeken	C	boek
nl	dorp	dorp	C	dorp
nl	dorp	dorpen	C	dorp
nl	café	café	C	caf
nl	café	cafés	C	cafes
nl	woning	woning	C	woning
nl	woning	woningen	C	woning
nl	woning	woningetje	C	woningetj
nl	coördinatie	coördinatie	Cplus	coordinatie
nl	coördinatie	coordinatie	Cplus	coordinatie
nl	financiën	financiën	Cplus	financien
nl	financiën	financien	Cplus	financien
nl	beïnvloeden	beïnvloeden	Cplus	beinvloed
nl	beïnvloeden	beinvloeden	Cplus	beinvloed
nl	beïnvloeden	beïnvloed	Cplus	beinvloed
nl	beïnvloeden	beinvloed	Cplus	beinvloed
nl	privé	privé	Cplus	priv
nl	privé	prive	Cplus	priv
nl	privé	privés	Cplus	prives
nl	privé	prives	Cplus	prives
nl	huis	huis	Cplus	huis
nl	huis	huizen	Cplus	huiz
nl	bedrijf	bedrijf	Cplus	bedrijf
nl	bedrijf	bedrijven	Cplus	bedrijv
nl	gemeente	gemeente	Cplus	gemeent
nl	gemeente	gemeentes	Cplus	gemeentes
nl	kind	kind	Cplus	kind
nl	kind	kinderen	Cplus	kinder
nl	stad	stad	Cplus	stad
nl	stad	steden	Cplus	sted
nl	boek	boek	Cplus	boek
nl	boek	boeken	Cplus	boek
nl	dorp	dorp	Cplus	dorp
nl	dorp	dorpen	Cplus	dorp
nl	café	café	Cplus	caf
nl	café	cafés	Cplus	cafes
nl	woning	woning	Cplus	woning
nl	woning	woningen	Cplus	woning
nl	woning	woningetje	Cplus	woningetj
nl	coördinatie	coördinatie	Dplus	coordinatie
nl	coördinatie	coordinatie	Dplus	coordinatie
nl	financiën	financiën	Dplus	financien
nl	financiën	financien	Dplus	financien
nl	beïnvloeden	beïnvloeden	Dplus	beinvloed
nl	beïnvloeden	beinvloeden	Dplus	beinvloed
nl	beïnvloeden	beïnvloed	Dplus	beinvloed
nl	beïnvloeden	beinvloed	Dplus	beinvloed
nl	privé	privé	Dplus	priv
nl	privé	prive	Dplus	priv
nl	privé	privés	Dplus	prives
nl	privé	prives	Dplus	prives
nl	huis	huis	Dplus	huis
nl	huis	huizen	Dplus	huiz
nl	bedrijf	bedrijf	Dplus	bedrijf
nl	bedrijf	bedrijven	Dplus	bedrijv
nl	gemeente	gemeente	Dplus	gemeent
nl	gemeente	gemeentes	Dplus	gemeentes
nl	kind	kind	Dplus	kind
nl	kind	kinderen	Dplus	kinder
nl	stad	stad	Dplus	stad
nl	stad	steden	Dplus	sted
nl	boek	boek	Dplus	boek
nl	boek	boeken	Dplus	boek
nl	dorp	dorp	Dplus	dorp
nl	dorp	dorpen	Dplus	dorp
nl	café	café	Dplus	caf
nl	café	cafés	Dplus	cafes
nl	woning	woning	Dplus	woning
nl	woning	woningen	Dplus	woning
nl	woning	woningetje	Dplus	woningetj
pt	informação	informação	A	informaca
pt	informação	informacao	A	informaca
pt	informação	informações	A	informaco
pt	informação	informacoes	A	informaco
pt	administração	administração	A	administraca
pt	administração	administracao	A	administraca
pt	administração	administrações	A	administraco
pt	administração	administracoes	A	administraco
pt	café	café	A	caf
pt	café	cafés	A	caf
pt	coração	coração	A	coraca
pt	coração	coracao	A	coraca
pt	coração	corações	A	coraco
pt	coração	coracoes	A	coraco
pt	decisão	decisão	A	decisa
pt	decisão	decisao	A	decisa
pt	decisão	decisões	A	deciso
pt	decisão	decisoes	A	deciso
pt	questão	questão	A	questa
pt	questão	questao	A	questa
pt	questão	questões	A	questo
pt	questão	questoes	A	questo
pt	situação	situação	A	situaca
pt	situação	situacao	A	situaca
pt	situação	situações	A	situaco
pt	situação	situacoes	A	situaco
pt	país	país	A	pais
pt	país	pais	A	pais
pt	país	países	A	pais
pt	país	paises	A	pais
pt	número	número	A	numer
pt	número	numero	A	numer
pt	número	números	A	numer
pt	número	numeros	A	numer
pt	código	código	A	codig
pt	código	codigo	A	codig
pt	código	códigos	A	codig
pt	código	codigos	A	codig
pt	página	página	A	pagin
pt	página	pagina	A	pagin
pt	página	páginas	A	pagin
pt	página	paginas	A	pagin
pt	área	área	A	are
pt	área	area	A	are
pt	área	áreas	A	are
pt	área	areas	A	are
pt	história	história	A	histor
pt	história	historia	A	histor
pt	história	histórias	A	histor
pt	história	historias	A	histor
pt	família	família	A	famil
pt	família	familia	A	famil
pt	família	famílias	A	famil
pt	família	familias	A	famil
pt	documento	documento	A	document
pt	documento	documentos	A	document
pt	três	três	A	tres
pt	três	tres	A	tres
pt	cidade	cidade	A	cidad
pt	cidade	cidades	A	cidad
pt	exame	exame	A	exam
pt	exame	exames	A	exam
pt	informação	informação	Aplus	informaca
pt	informação	informacao	Aplus	informaca
pt	informação	informações	Aplus	informaco
pt	informação	informacoes	Aplus	informaco
pt	administração	administração	Aplus	administraca
pt	administração	administracao	Aplus	administraca
pt	administração	administrações	Aplus	administraco
pt	administração	administracoes	Aplus	administraco
pt	café	café	Aplus	caf
pt	café	cafés	Aplus	caf
pt	coração	coração	Aplus	coraca
pt	coração	coracao	Aplus	coraca
pt	coração	corações	Aplus	coraco
pt	coração	coracoes	Aplus	coraco
pt	decisão	decisão	Aplus	decisa
pt	decisão	decisao	Aplus	decisa
pt	decisão	decisões	Aplus	deciso
pt	decisão	decisoes	Aplus	deciso
pt	questão	questão	Aplus	questa
pt	questão	questao	Aplus	questa
pt	questão	questões	Aplus	questo
pt	questão	questoes	Aplus	questo
pt	situação	situação	Aplus	situaca
pt	situação	situacao	Aplus	situaca
pt	situação	situações	Aplus	situaco
pt	situação	situacoes	Aplus	situaco
pt	país	país	Aplus	pais
pt	país	pais	Aplus	pais
pt	país	países	Aplus	pais
pt	país	paises	Aplus	pais
pt	número	número	Aplus	numer
pt	número	numero	Aplus	numer
pt	número	números	Aplus	numer
pt	número	numeros	Aplus	numer
pt	código	código	Aplus	codig
pt	código	codigo	Aplus	codig
pt	código	códigos	Aplus	codig
pt	código	codigos	Aplus	codig
pt	página	página	Aplus	pagin
pt	página	pagina	Aplus	pagin
pt	página	páginas	Aplus	pagin
pt	página	paginas	Aplus	pagin
pt	área	área	Aplus	are
pt	área	area	Aplus	are
pt	área	áreas	Aplus	are
pt	área	areas	Aplus	are
pt	história	história	Aplus	histor
pt	história	historia	Aplus	histor
pt	história	histórias	Aplus	histor
pt	história	historias	Aplus	histor
pt	família	família	Aplus	famil
pt	família	familia	Aplus	famil
pt	família	famílias	Aplus	famil
pt	família	familias	Aplus	famil
pt	documento	documento	Aplus	document
pt	documento	documentos	Aplus	document
pt	três	três	Aplus	tres
pt	três	tres	Aplus	tres
pt	cidade	cidade	Aplus	cidad
pt	cidade	cidades	Aplus	cidad
pt	exame	exame	Aplus	exam
pt	exame	exames	Aplus	exam
pt	informação	informação	B	informaca
pt	informação	informacao	B	informaca
pt	informação	informações	B	informaco
pt	informação	informacoes	B	informaco
pt	administração	administração	B	administraca
pt	administração	administracao	B	administraca
pt	administração	administrações	B	administraco
pt	administração	administracoes	B	administraco
pt	café	café	B	caf
pt	café	cafés	B	caf
pt	coração	coração	B	coraca
pt	coração	coracao	B	coraca
pt	coração	corações	B	coraco
pt	coração	coracoes	B	coraco
pt	decisão	decisão	B	decisa
pt	decisão	decisao	B	decisa
pt	decisão	decisões	B	deciso
pt	decisão	decisoes	B	deciso
pt	questão	questão	B	questa
pt	questão	questao	B	questa
pt	questão	questões	B	questo
pt	questão	questoes	B	questo
pt	situação	situação	B	situaca
pt	situação	situacao	B	situaca
pt	situação	situações	B	situaco
pt	situação	situacoes	B	situaco
pt	país	país	B	pais
pt	país	pais	B	pais
pt	país	países	B	pais
pt	país	paises	B	pais
pt	número	número	B	numer
pt	número	numero	B	numer
pt	número	números	B	numer
pt	número	numeros	B	numer
pt	código	código	B	codig
pt	código	codigo	B	codig
pt	código	códigos	B	codig
pt	código	codigos	B	codig
pt	página	página	B	pagin
pt	página	pagina	B	pagin
pt	página	páginas	B	pagin
pt	página	paginas	B	pagin
pt	área	área	B	are
pt	área	area	B	are
pt	área	áreas	B	are
pt	área	areas	B	are
pt	história	história	B	histor
pt	história	historia	B	histor
pt	história	histórias	B	histor
pt	história	historias	B	histor
pt	família	família	B	famil
pt	família	familia	B	famil
pt	família	famílias	B	famil
pt	família	familias	B	famil
pt	documento	documento	B	document
pt	documento	documentos	B	document
pt	três	três	B	tres
pt	três	tres	B	tres
pt	cidade	cidade	B	cidad
pt	cidade	cidades	B	cidad
pt	exame	exame	B	exam
pt	exame	exames	B	exam
pt	informação	informação	Bplus	informaca
pt	informação	informacao	Bplus	informaca
pt	informação	informações	Bplus	informaco
pt	informação	informacoes	Bplus	informaco
pt	administração	administração	Bplus	administraca
pt	administração	administracao	Bplus	administraca
pt	administração	administrações	Bplus	administraco
pt	administração	administracoes	Bplus	administraco
pt	café	café	Bplus	caf
pt	café	cafés	Bplus	caf
pt	coração	coração	Bplus	coraca
pt	coração	coracao	Bplus	coraca
pt	coração	corações	Bplus	coraco
pt	coração	coracoes	Bplus	coraco
pt	decisão	decisão	Bplus	decisa
pt	decisão	decisao	Bplus	decisa
pt	decisão	decisões	Bplus	deciso
pt	decisão	decisoes	Bplus	deciso
pt	questão	questão	Bplus	questa
pt	questão	questao	Bplus	questa
pt	questão	questões	Bplus	questo
pt	questão	questoes	Bplus	questo
pt	situação	situação	Bplus	situaca
pt	situação	situacao	Bplus	situaca
pt	situação	situações	Bplus	situaco
pt	situação	situacoes	Bplus	situaco
pt	país	país	Bplus	pais
pt	país	pais	Bplus	pais
pt	país	países	Bplus	pais
pt	país	paises	Bplus	pais
pt	número	número	Bplus	numer
pt	número	numero	Bplus	numer
pt	número	números	Bplus	numer
pt	número	numeros	Bplus	numer
pt	código	código	Bplus	codig
pt	código	codigo	Bplus	codig
pt	código	códigos	Bplus	codig
pt	código	codigos	Bplus	codig
pt	página	página	Bplus	pagin
pt	página	pagina	Bplus	pagin
pt	página	páginas	Bplus	pagin
pt	página	paginas	Bplus	pagin
pt	área	área	Bplus	are
pt	área	area	Bplus	are
pt	área	áreas	Bplus	are
pt	área	areas	Bplus	are
pt	história	história	Bplus	histor
pt	história	historia	Bplus	histor
pt	história	histórias	Bplus	histor
pt	história	historias	Bplus	histor
pt	família	família	Bplus	famil
pt	família	familia	Bplus	famil
pt	família	famílias	Bplus	famil
pt	família	familias	Bplus	famil
pt	documento	documento	Bplus	document
pt	documento	documentos	Bplus	document
pt	três	três	Bplus	tres
pt	três	tres	Bplus	tres
pt	cidade	cidade	Bplus	cidad
pt	cidade	cidades	Bplus	cidad
pt	exame	exame	Bplus	exam
pt	exame	exames	Bplus	exam
pt	informação	informação	C	inform
pt	informação	informacao	C	informaca
pt	informação	informações	C	inform
pt	informação	informacoes	C	informaco
pt	administração	administração	C	administr
pt	administração	administracao	C	administraca
pt	administração	administrações	C	administr
pt	administração	administracoes	C	administraco
pt	café	café	C	caf
pt	café	cafés	C	cafes
pt	coração	coração	C	coraca
pt	coração	coracao	C	coraca
pt	coração	corações	C	coraco
pt	coração	coracoes	C	coraco
pt	decisão	decisão	C	decisa
pt	decisão	decisao	C	decisa
pt	decisão	decisões	C	deciso
pt	decisão	decisoes	C	deciso
pt	questão	questão	C	questa
pt	questão	questao	C	questa
pt	questão	questões	C	questo
pt	questão	questoes	C	questo
pt	situação	situação	C	situaca
pt	situação	situacao	C	situaca
pt	situação	situações	C	situaco
pt	situação	situacoes	C	situaco
pt	país	país	C	pais
pt	país	pais	C	pais
pt	país	países	C	pais
pt	país	paises	C	pais
pt	número	número	C	numer
pt	número	numero	C	numer
pt	número	números	C	numer
pt	número	numeros	C	numer
pt	código	código	C	codig
pt	código	codigo	C	codig
pt	código	códigos	C	codig
pt	código	codigos	C	codig
pt	página	página	C	pagin
pt	página	pagina	C	pagin
pt	página	páginas	C	pagin
pt	página	paginas	C	pagin
pt	área	área	C	are
pt	área	area	C	are
pt	área	áreas	C	are
pt	área	areas	C	are
pt	história	história	C	histor
pt	história	historia	C	histor
pt	história	histórias	C	histor
pt	história	historias	C	histor
pt	família	família	C	famil
pt	família	familia	C	famil
pt	família	famílias	C	famil
pt	família	familias	C	famil
pt	documento	documento	C	document
pt	documento	documentos	C	document
pt	três	três	C	tres
pt	três	tres	C	tres
pt	cidade	cidade	C	cidad
pt	cidade	cidades	C	cidad
pt	exame	exame	C	exam
pt	exame	exames	C	exam
pt	informação	informação	Cplus	inform
pt	informação	informacao	Cplus	informaca
pt	informação	informações	Cplus	inform
pt	informação	informacoes	Cplus	informaco
pt	administração	administração	Cplus	administr
pt	administração	administracao	Cplus	administraca
pt	administração	administrações	Cplus	administr
pt	administração	administracoes	Cplus	administraco
pt	café	café	Cplus	caf
pt	café	cafés	Cplus	cafes
pt	coração	coração	Cplus	coraca
pt	coração	coracao	Cplus	coraca
pt	coração	corações	Cplus	coraco
pt	coração	coracoes	Cplus	coraco
pt	decisão	decisão	Cplus	decisa
pt	decisão	decisao	Cplus	decisa
pt	decisão	decisões	Cplus	deciso
pt	decisão	decisoes	Cplus	deciso
pt	questão	questão	Cplus	questa
pt	questão	questao	Cplus	questa
pt	questão	questões	Cplus	questo
pt	questão	questoes	Cplus	questo
pt	situação	situação	Cplus	situaca
pt	situação	situacao	Cplus	situaca
pt	situação	situações	Cplus	situaco
pt	situação	situacoes	Cplus	situaco
pt	país	país	Cplus	pais
pt	país	pais	Cplus	pais
pt	país	países	Cplus	pais
pt	país	paises	Cplus	pais
pt	número	número	Cplus	numer
pt	número	numero	Cplus	numer
pt	número	números	Cplus	numer
pt	número	numeros	Cplus	numer
pt	código	código	Cplus	codig
pt	código	codigo	Cplus	codig
pt	código	códigos	Cplus	codig
pt	código	codigos	Cplus	codig
pt	página	página	Cplus	pagin
pt	página	pagina	Cplus	pagin
pt	página	páginas	Cplus	pagin
pt	página	paginas	Cplus	pagin
pt	área	área	Cplus	are
pt	área	area	Cplus	are
pt	área	áreas	Cplus	are
pt	área	areas	Cplus	are
pt	história	história	Cplus	histor
pt	história	historia	Cplus	histor
pt	história	histórias	Cplus	histor
pt	história	historias	Cplus	histor
pt	família	família	Cplus	famil
pt	família	familia	Cplus	famil
pt	família	famílias	Cplus	famil
pt	família	familias	Cplus	famil
pt	documento	documento	Cplus	document
pt	documento	documentos	Cplus	document
pt	três	três	Cplus	tres
pt	três	tres	Cplus	tres
pt	cidade	cidade	Cplus	cidad
pt	cidade	cidades	Cplus	cidad
pt	exame	exame	Cplus	exam
pt	exame	exames	Cplus	exam
pt	informação	informação	Dplus	informaca
pt	informação	informacao	Dplus	informaca
pt	informação	informações	Dplus	informaco
pt	informação	informacoes	Dplus	informaco
pt	administração	administração	Dplus	administraca
pt	administração	administracao	Dplus	administraca
pt	administração	administrações	Dplus	administraco
pt	administração	administracoes	Dplus	administraco
pt	café	café	Dplus	caf
pt	café	cafés	Dplus	caf
pt	coração	coração	Dplus	coraca
pt	coração	coracao	Dplus	coraca
pt	coração	corações	Dplus	coraco
pt	coração	coracoes	Dplus	coraco
pt	decisão	decisão	Dplus	decisa
pt	decisão	decisao	Dplus	decisa
pt	decisão	decisões	Dplus	deciso
pt	decisão	decisoes	Dplus	deciso
pt	questão	questão	Dplus	questa
pt	questão	questao	Dplus	questa
pt	questão	questões	Dplus	questo
pt	questão	questoes	Dplus	questo
pt	situação	situação	Dplus	situaca
pt	situação	situacao	Dplus	situaca
pt	situação	situações	Dplus	situaco
pt	situação	situacoes	Dplus	situaco
pt	país	país	Dplus	pais
pt	país	pais	Dplus	pais
pt	país	países	Dplus	pais
pt	país	paises	Dplus	pais
pt	número	número	Dplus	numer
pt	número	numero	Dplus	numer
pt	número	números	Dplus	numer
pt	número	numeros	Dplus	numer
pt	código	código	Dplus	codig
pt	código	codigo	Dplus	codig
pt	código	códigos	Dplus	codig
pt	código	codigos	Dplus	codig
pt	página	página	Dplus	pagin
pt	página	pagina	Dplus	pagin
pt	página	páginas	Dplus	pagin
pt	página	paginas	Dplus	pagin
pt	área	área	Dplus	are
pt	área	area	Dplus	are
pt	área	áreas	Dplus	are
pt	área	areas	Dplus	are
pt	história	história	Dplus	histor
pt	história	historia	Dplus	histor
pt	história	histórias	Dplus	histor
pt	história	historias	Dplus	histor
pt	família	família	Dplus	famil
pt	família	familia	Dplus	famil
pt	família	famílias	Dplus	famil
pt	família	familias	Dplus	famil
pt	documento	documento	Dplus	document
pt	documento	documentos	Dplus	document
pt	três	três	Dplus	tres
pt	três	tres	Dplus	tres
pt	cidade	cidade	Dplus	cidad
pt	cidade	cidades	Dplus	cidad
pt	exame	exame	Dplus	exam
pt	exame	exames	Dplus	exam
