findling-anon epoch,pid,name,rssanon_kb,vmhwm_kb
findling-anon 1790878131,1,init.sh,820,3540
findling-anon 1790878131,8,python,114172,155948
findling-anon 1790878131,35,sh,108,1556
findling-anon 1790878132,1,init.sh,820,3540
findling-anon 1790878132,8,python,114172,155948
findling-anon 1790878132,42,sh,112,1556
findling-anon 1790878133,1,init.sh,820,3540
findling-anon 1790878133,8,python,114172,155948
findling-anon 1790878133,48,sh,112,1540
findling-anon 1790878134,1,init.sh,820,3540
findling-anon 1790878134,8,python,114172,155948
findling-anon 1790878134,55,sh,112,1560
findling-anon 1790878135,1,init.sh,820,3540
findling-anon 1790878135,8,python,114172,155948
findling-anon 1790878135,62,sh,108,1556
findling-anon 1790878136,1,init.sh,820,3540
findling-anon 1790878136,8,python,114172,155948
findling-anon 1790878136,69,sh,112,1560
findling-anon 1790878137,1,init.sh,820,3540
findling-anon 1790878137,8,python,114172,155948
findling-anon 1790878137,77,sh,108,1548
findling-anon 1790878138,1,init.sh,820,3540
findling-anon 1790878138,8,python,114172,155948
findling-anon 1790878138,85,sh,112,1560
findling-anon 1790878139,1,init.sh,820,3540
findling-anon 1790878139,8,python,114172,155948
findling-anon 1790878139,92,sh,108,1556
findling-anon 1790878140,1,init.sh,820,3540
findling-anon 1790878140,8,python,114212,155948
findling-anon 1790878140,105,sh,112,1540
findling-anon 1790878142,1,init.sh,820,3540
findling-anon 1790878142,8,python,116424,155948
findling-anon 1790878142,124,sh,112,1560
findling-anon 1790878143,1,init.sh,820,3540
findling-anon 1790878143,8,python,116548,155948
findling-anon 1790878143,143,sh,112,1560
findling-anon 1790878144,1,init.sh,820,3540
findling-anon 1790878144,8,python,118972,155948
findling-anon 1790878144,161,sh,112,1560
findling-anon 1790878145,1,init.sh,820,3540
findling-anon 1790878145,8,python,118972,155948
findling-anon 1790878145,169,sh,112,1560
findling-anon 1790878146,1,init.sh,820,3540
findling-anon 1790878146,8,python,118972,155948
findling-anon 1790878146,177,sh,108,1556
findling-anon 1790878147,1,init.sh,820,3540
findling-anon 1790878147,8,python,118972,155948
findling-anon 1790878147,184,sh,108,1556
findling-anon 1790878148,1,init.sh,820,3540
findling-anon 1790878148,8,python,118972,155948
findling-anon 1790878148,191,sh,112,1544
findling-anon 1790878149,1,init.sh,820,3540
findling-anon 1790878149,8,python,118972,155948
findling-anon 1790878149,198,sh,112,1552
findling-anon 1790878150,1,init.sh,820,3540
findling-anon 1790878150,8,python,118972,155948
findling-anon 1790878150,205,sh,112,1560
findling-anon 1790878151,1,init.sh,820,3540
findling-anon 1790878151,8,python,118972,155948
findling-anon 1790878151,212,sh,112,1552
findling-anon 1790878152,1,init.sh,820,3540
findling-anon 1790878152,8,python,118972,155948
findling-anon 1790878152,219,sh,108,1556
findling-anon 1790878153,1,init.sh,820,3540
findling-anon 1790878153,8,python,118972,155948
findling-anon 1790878153,226,sh,112,1560
findling-anon 1790878154,1,init.sh,820,3540
findling-anon 1790878154,8,python,118972,155948
findling-anon 1790878154,233,sh,112,1548
findling-anon 1790878155,1,init.sh,820,3540
findling-anon 1790878155,8,python,118972,155948
findling-anon 1790878155,241,sh,112,1560
findling-anon 1790878156,1,init.sh,820,3540
findling-anon 1790878156,8,python,118972,155948
findling-anon 1790878156,249,sh,112,1560
findling-anon 1790878157,1,init.sh,820,3540
findling-anon 1790878157,8,python,118972,155948
findling-anon 1790878157,256,sh,108,1556
findling-anon 1790878158,1,init.sh,820,3540
findling-anon 1790878158,8,python,118972,155948
findling-anon 1790878158,264,sh,112,1560
findling-anon 1790878159,1,init.sh,820,3540
findling-anon 1790878159,8,python,118972,155948
findling-anon 1790878159,271,sh,112,1560
findling-anon 1790878160,1,init.sh,820,3540
findling-anon 1790878160,8,python,118972,155948
findling-anon 1790878160,278,sh,112,1560
findling-anon 1790878162,1,init.sh,820,3540
findling-anon 1790878162,8,python,118972,155948
findling-anon 1790878162,286,sh,112,1552
findling-anon 1790878163,1,init.sh,820,3540
findling-anon 1790878163,8,python,118972,155948
findling-anon 1790878163,293,sh,108,1556
findling-anon 1790878164,1,init.sh,820,3540
findling-anon 1790878164,8,python,118972,155948
findling-anon 1790878164,301,sh,112,1544
findling-anon 1790878165,1,init.sh,820,3540
findling-anon 1790878165,8,python,118972,155948
findling-anon 1790878165,309,sh,108,1556
findling-anon 1790878166,1,init.sh,820,3540
findling-anon 1790878166,8,python,118972,155948
findling-anon 1790878166,316,sh,112,1556
findling-anon 1790878167,1,init.sh,820,3540
findling-anon 1790878167,8,python,118972,155948
findling-anon 1790878167,323,sh,112,1560
findling-anon 1790878168,1,init.sh,820,3540
findling-anon 1790878168,8,python,118972,155948
findling-anon 1790878168,330,sh,112,1560
findling-anon 1790878169,1,init.sh,820,3540
findling-anon 1790878169,8,python,118972,155948
findling-anon 1790878169,338,sh,112,1560
findling-anon 1790878170,1,init.sh,820,3540
findling-anon 1790878170,8,python,118972,155948
findling-anon 1790878170,345,sh,112,1560
findling-anon 1790878171,1,init.sh,820,3540
findling-anon 1790878171,8,python,118972,155948
findling-anon 1790878171,353,sh,108,1556
findling-anon 1790878172,1,init.sh,820,3540
findling-anon 1790878172,8,python,118972,155948
findling-anon 1790878172,360,sh,112,1560
findling-anon 1790878173,1,init.sh,820,3540
findling-anon 1790878173,8,python,118972,155948
findling-anon 1790878173,367,sh,108,1556
findling-anon 1790878174,1,init.sh,820,3540
findling-anon 1790878174,8,python,118972,155948
findling-anon 1790878174,375,sh,112,1556
findling-anon 1790878175,1,init.sh,820,3540
findling-anon 1790878175,8,python,118972,155948
findling-anon 1790878175,383,sh,112,1560
findling-anon 1790878176,1,init.sh,820,3540
findling-anon 1790878176,8,python,118972,155948
findling-anon 1790878176,391,sh,112,1560
findling-anon 1790878177,1,init.sh,820,3540
findling-anon 1790878177,8,python,118972,155948
findling-anon 1790878177,398,sh,112,1560
findling-anon 1790878178,1,init.sh,820,3540
findling-anon 1790878178,8,python,118972,155948
findling-anon 1790878178,405,sh,112,1540
findling-anon 1790878179,1,init.sh,820,3540
findling-anon 1790878179,8,python,118972,155948
findling-anon 1790878179,412,sh,112,1548
findling-anon 1790878180,1,init.sh,820,3540
findling-anon 1790878180,8,python,118972,155948
findling-anon 1790878180,420,sh,108,1556
findling-anon 1790878182,1,init.sh,820,3540
findling-anon 1790878182,8,python,118972,155948
findling-anon 1790878182,427,sh,112,1560
findling-anon 1790878183,1,init.sh,820,3540
findling-anon 1790878183,8,python,118972,155948
findling-anon 1790878183,434,sh,108,1556
findling-anon 1790878184,1,init.sh,820,3540
findling-anon 1790878184,8,python,118972,155948
findling-anon 1790878184,441,sh,112,1544
findling-anon 1790878185,1,init.sh,820,3540
findling-anon 1790878185,8,python,118972,155948
findling-anon 1790878185,448,sh,112,1560
findling-anon 1790878186,1,init.sh,820,3540
findling-anon 1790878186,8,python,118972,155948
findling-anon 1790878186,456,sh,112,1560
findling-anon 1790878187,1,init.sh,820,3540
findling-anon 1790878187,8,python,118972,155948
findling-anon 1790878187,464,sh,108,1556
findling-anon 1790878188,1,init.sh,820,3540
findling-anon 1790878188,8,python,118972,155948
findling-anon 1790878188,471,sh,112,1556
findling-anon 1790878189,1,init.sh,820,3540
findling-anon 1790878189,8,python,120632,155948
findling-anon 1790878189,479,sh,112,1552
findling-anon 1790878190,1,init.sh,820,3540
findling-anon 1790878190,8,python,120632,155948
findling-anon 1790878190,486,sh,108,1552
findling-anon 1790878191,1,init.sh,820,3540
findling-anon 1790878191,8,python,120632,155948
findling-anon 1790878191,493,sh,112,1560
findling-anon 1790878192,1,init.sh,820,3540
findling-anon 1790878192,8,python,120632,155948
findling-anon 1790878192,501,sh,108,1556
findling-anon 1790878193,1,init.sh,820,3540
findling-anon 1790878193,8,python,120632,155948
findling-anon 1790878193,508,sh,108,1548
findling-anon 1790878194,1,init.sh,820,3540
findling-anon 1790878194,8,python,120632,155948
findling-anon 1790878194,515,sh,108,1548
findling-anon 1790878195,1,init.sh,820,3540
findling-anon 1790878195,8,python,120632,155948
findling-anon 1790878195,522,sh,112,1560
findling-anon 1790878196,1,init.sh,820,3540
findling-anon 1790878196,8,python,120632,155948
findling-anon 1790878196,530,sh,112,1560
findling-anon 1790878197,1,init.sh,820,3540
findling-anon 1790878197,8,python,120632,155948
findling-anon 1790878197,538,sh,112,1560
findling-anon 1790878198,1,init.sh,820,3540
findling-anon 1790878198,8,python,120632,155948
findling-anon 1790878198,545,sh,112,1548
findling-anon 1790878199,1,init.sh,820,3540
findling-anon 1790878199,8,python,120632,155948
findling-anon 1790878199,552,sh,108,1556
findling-anon 1790878200,1,init.sh,820,3540
findling-anon 1790878200,8,python,120632,155948
findling-anon 1790878200,559,sh,108,1556
findling-anon 1790878201,1,init.sh,820,3540
findling-anon 1790878201,8,python,120632,155948
findling-anon 1790878201,566,sh,112,1544
findling-anon 1790878203,1,init.sh,820,3540
findling-anon 1790878203,8,python,120632,155948
findling-anon 1790878203,573,sh,112,1560
findling-anon 1790878204,1,init.sh,820,3540
findling-anon 1790878204,8,python,120632,155948
findling-anon 1790878204,581,sh,112,1556
findling-anon 1790878205,1,init.sh,820,3540
findling-anon 1790878205,8,python,120632,155948
findling-anon 1790878205,588,sh,108,1556
findling-anon 1790878206,1,init.sh,820,3540
findling-anon 1790878206,8,python,120632,155948
findling-anon 1790878206,595,sh,112,1560
findling-anon 1790878207,1,init.sh,820,3540
findling-anon 1790878207,8,python,120632,155948
findling-anon 1790878207,602,sh,112,1548
findling-anon 1790878208,1,init.sh,820,3540
findling-anon 1790878208,8,python,120632,155948
findling-anon 1790878208,609,sh,108,1556
findling-anon 1790878209,1,init.sh,820,3540
findling-anon 1790878209,8,python,120632,155948
findling-anon 1790878209,617,sh,108,1556
findling-anon 1790878210,1,init.sh,820,3540
findling-anon 1790878210,8,python,120632,155948
findling-anon 1790878210,625,sh,112,1560
findling-anon 1790878211,1,init.sh,820,3540
findling-anon 1790878211,8,python,120632,155948
findling-anon 1790878211,632,sh,112,1560
findling-anon 1790878212,1,init.sh,820,3540
findling-anon 1790878212,8,python,120632,155948
findling-anon 1790878212,639,sh,112,1560
findling-anon 1790878213,1,init.sh,820,3540
findling-anon 1790878213,8,python,120632,155948
findling-anon 1790878213,646,sh,112,1560
findling-anon 1790878214,1,init.sh,820,3540
findling-anon 1790878214,8,python,120632,155948
findling-anon 1790878214,653,sh,108,1556
findling-anon 1790878215,1,init.sh,820,3540
findling-anon 1790878215,8,python,120632,155948
findling-anon 1790878215,660,sh,108,1556
findling-anon 1790878216,1,init.sh,820,3540
findling-anon 1790878216,8,python,120632,155948
findling-anon 1790878216,667,sh,112,1560
findling-anon 1790878217,1,init.sh,820,3540
findling-anon 1790878217,8,python,120632,155948
findling-anon 1790878217,674,sh,112,1548
findling-anon 1790878218,1,init.sh,820,3540
findling-anon 1790878218,8,python,120632,155948
findling-anon 1790878218,681,sh,108,1540
findling-anon 1790878219,1,init.sh,820,3540
findling-anon 1790878219,8,python,120632,155948
findling-anon 1790878219,689,sh,112,1560
findling-anon 1790878220,1,init.sh,820,3540
findling-anon 1790878220,8,python,120632,155948
findling-anon 1790878220,696,sh,112,1560
findling-anon 1790878221,1,init.sh,820,3540
findling-anon 1790878221,8,python,120632,155948
findling-anon 1790878221,704,sh,112,1560
findling-anon 1790878223,1,init.sh,820,3540
findling-anon 1790878223,8,python,120632,155948
findling-anon 1790878223,711,sh,112,1560
findling-anon 1790878224,1,init.sh,820,3540
findling-anon 1790878224,8,python,120632,155948
findling-anon 1790878224,718,sh,112,1548
findling-anon 1790878225,1,init.sh,820,3540
findling-anon 1790878225,8,python,120632,155948
findling-anon 1790878225,725,sh,112,1560
findling-anon 1790878226,1,init.sh,820,3540
findling-anon 1790878226,8,python,120632,155948
findling-anon 1790878226,732,sh,112,1560
findling-anon 1790878227,1,init.sh,820,3540
findling-anon 1790878227,8,python,120632,155948
findling-anon 1790878227,739,sh,112,1560
findling-anon 1790878228,1,init.sh,820,3540
findling-anon 1790878228,8,python,120632,155948
findling-anon 1790878228,746,sh,112,1560
findling-anon 1790878229,1,init.sh,820,3540
findling-anon 1790878229,8,python,120632,155948
findling-anon 1790878229,753,sh,112,1552
findling-anon 1790878230,1,init.sh,820,3540
findling-anon 1790878230,8,python,120632,155948
findling-anon 1790878230,760,sh,108,1536
findling-anon 1790878231,1,init.sh,820,3540
findling-anon 1790878231,8,python,120632,155948
findling-anon 1790878231,767,sh,112,1560
findling-anon 1790878232,1,init.sh,820,3540
findling-anon 1790878232,8,python,120632,155948
findling-anon 1790878232,775,sh,112,1556
findling-anon 1790878233,1,init.sh,820,3540
findling-anon 1790878233,8,python,120632,155948
findling-anon 1790878233,782,sh,112,1560
findling-anon 1790878234,1,init.sh,820,3540
findling-anon 1790878234,8,python,120632,155948
findling-anon 1790878234,789,sh,112,1560
findling-anon 1790878235,1,init.sh,820,3540
findling-anon 1790878235,8,python,120632,155948
findling-anon 1790878235,796,sh,112,1560
findling-anon 1790878236,1,init.sh,820,3540
findling-anon 1790878236,8,python,120632,155948
findling-anon 1790878236,803,sh,112,1560
findling-anon 1790878237,1,init.sh,820,3540
findling-anon 1790878237,8,python,120632,155948
findling-anon 1790878237,810,sh,112,1556
findling-anon 1790878238,1,init.sh,820,3540
findling-anon 1790878238,8,python,120632,155948
findling-anon 1790878238,817,sh,112,1544
findling-anon 1790878239,1,init.sh,820,3540
findling-anon 1790878239,8,python,120632,155948
findling-anon 1790878239,824,sh,108,1556
findling-anon 1790878240,1,init.sh,820,3540
findling-anon 1790878240,8,python,120632,155948
findling-anon 1790878240,831,sh,108,1556
findling-anon 1790878241,1,init.sh,820,3540
findling-anon 1790878241,8,python,120632,155948
findling-anon 1790878241,838,sh,108,1556
findling-anon 1790878242,1,init.sh,820,3540
findling-anon 1790878242,8,python,120632,155948
findling-anon 1790878242,845,sh,112,1560
findling-anon 1790878244,1,init.sh,820,3540
findling-anon 1790878244,8,python,120632,155948
findling-anon 1790878244,853,sh,112,1560
findling-anon 1790878245,1,init.sh,820,3540
findling-anon 1790878245,8,python,120632,155948
findling-anon 1790878245,861,sh,112,1544
findling-anon 1790878246,1,init.sh,820,3540
findling-anon 1790878246,8,python,120632,155948
findling-anon 1790878246,868,sh,112,1560
findling-anon 1790878247,1,init.sh,820,3540
findling-anon 1790878247,8,python,120632,155948
findling-anon 1790878247,875,sh,112,1548
findling-anon 1790878248,1,init.sh,820,3540
findling-anon 1790878248,8,python,120632,155948
findling-anon 1790878248,881,sh,112,1552
findling-anon 1790878249,1,init.sh,820,3540
findling-anon 1790878249,8,python,120772,155948
findling-anon 1790878249,888,sh,112,1560
findling-anon 1790878250,1,init.sh,820,3540
findling-anon 1790878250,8,python,120772,155948
findling-anon 1790878250,896,sh,112,1560
findling-anon 1790878251,1,init.sh,820,3540
findling-anon 1790878251,8,python,120772,155948
findling-anon 1790878251,903,sh,112,1548
findling-anon 1790878252,1,init.sh,820,3540
findling-anon 1790878252,8,python,120772,155948
findling-anon 1790878252,911,sh,108,1548
findling-anon 1790878253,1,init.sh,820,3540
findling-anon 1790878253,8,python,120772,155948
findling-anon 1790878253,919,sh,112,1548
findling-anon 1790878254,1,init.sh,820,3540
findling-anon 1790878254,8,python,120772,155948
findling-anon 1790878254,926,sh,108,1544
findling-anon 1790878255,1,init.sh,820,3540
findling-anon 1790878255,8,python,120772,155948
findling-anon 1790878255,933,sh,108,1556
findling-anon 1790878256,1,init.sh,820,3540
findling-anon 1790878256,8,python,120772,155948
findling-anon 1790878256,940,sh,112,1560
findling-anon 1790878257,1,init.sh,820,3540
findling-anon 1790878257,8,python,120772,155948
findling-anon 1790878257,947,sh,112,1560
findling-anon 1790878258,1,init.sh,820,3540
findling-anon 1790878258,8,python,120772,155948
findling-anon 1790878258,954,sh,112,1556
findling-anon 1790878259,1,init.sh,820,3540
findling-anon 1790878259,8,python,120772,155948
findling-anon 1790878259,961,sh,108,1540
findling-anon 1790878260,1,init.sh,820,3540
findling-anon 1790878260,8,python,120772,155948
findling-anon 1790878260,968,sh,112,1544
findling-anon 1790878261,1,init.sh,820,3540
findling-anon 1790878261,8,python,120772,155948
findling-anon 1790878261,975,sh,112,1560
findling-anon 1790878262,1,init.sh,820,3540
findling-anon 1790878262,8,python,120772,155948
findling-anon 1790878262,982,sh,112,1544
findling-anon 1790878264,1,init.sh,820,3540
findling-anon 1790878264,8,python,120772,155948
findling-anon 1790878264,989,sh,112,1548
findling-anon 1790878265,1,init.sh,820,3540
findling-anon 1790878265,8,python,120772,155948
findling-anon 1790878265,996,sh,108,1556
findling-anon 1790878266,1,init.sh,820,3540
findling-anon 1790878266,8,python,120772,155948
findling-anon 1790878266,1003,sh,112,1560
findling-anon 1790878267,1,init.sh,820,3540
findling-anon 1790878267,8,python,120772,155948
findling-anon 1790878267,1011,sh,112,1560
findling-anon 1790878268,1,init.sh,820,3540
findling-anon 1790878268,8,python,120772,155948
findling-anon 1790878268,1018,sh,112,1540
findling-anon 1790878269,1,init.sh,820,3540
findling-anon 1790878269,8,python,120772,155948
findling-anon 1790878269,1025,sh,112,1560
findling-anon 1790878270,1,init.sh,820,3540
findling-anon 1790878270,8,python,120772,155948
findling-anon 1790878270,1032,sh,108,1552
findling-anon 1790878271,1,init.sh,820,3540
findling-anon 1790878271,8,python,120772,155948
findling-anon 1790878271,1040,sh,112,1560
findling-anon 1790878272,1,init.sh,820,3540
findling-anon 1790878272,8,python,120772,155948
findling-anon 1790878272,1048,sh,108,1536
findling-anon 1790878273,1,init.sh,820,3540
findling-anon 1790878273,8,python,120772,155948
findling-anon 1790878273,1055,sh,112,1552
findling-anon 1790878274,1,init.sh,820,3540
findling-anon 1790878274,8,python,120772,155948
findling-anon 1790878274,1062,sh,108,1548
findling-anon 1790878275,1,init.sh,820,3540
findling-anon 1790878275,8,python,120772,155948
findling-anon 1790878275,1069,sh,112,1540
findling-anon 1790878276,1,init.sh,820,3540
findling-anon 1790878276,8,python,120772,155948
findling-anon 1790878276,1077,sh,112,1560
findling-anon 1790878277,1,init.sh,820,3540
findling-anon 1790878277,8,python,120772,155948
findling-anon 1790878277,1084,sh,112,1560
findling-anon 1790878278,1,init.sh,820,3540
findling-anon 1790878278,8,python,120772,155948
findling-anon 1790878278,1091,sh,112,1552
findling-anon 1790878279,1,init.sh,820,3540
findling-anon 1790878279,8,python,120772,155948
findling-anon 1790878279,1098,sh,108,1556
findling-anon 1790878280,1,init.sh,820,3540
findling-anon 1790878280,8,python,120772,155948
findling-anon 1790878280,1106,sh,112,1560
findling-anon 1790878281,1,init.sh,820,3540
findling-anon 1790878281,8,python,120772,155948
findling-anon 1790878281,1113,sh,112,1560
findling-anon 1790878282,1,init.sh,820,3540
findling-anon 1790878282,8,python,120772,155948
findling-anon 1790878282,1120,sh,112,1560
findling-anon 1790878283,1,init.sh,820,3540
findling-anon 1790878283,8,python,120772,155948
findling-anon 1790878283,1127,sh,112,1560
findling-anon 1790878285,1,init.sh,820,3540
findling-anon 1790878285,8,python,120772,155948
findling-anon 1790878285,1134,sh,112,1552
findling-anon 1790878286,1,init.sh,820,3540
findling-anon 1790878286,8,python,120772,155948
findling-anon 1790878286,1142,sh,112,1560
findling-anon 1790878287,1,init.sh,820,3540
findling-anon 1790878287,8,python,120772,155948
findling-anon 1790878287,1149,sh,112,1560
findling-anon 1790878288,1,init.sh,820,3540
findling-anon 1790878288,8,python,120772,155948
findling-anon 1790878288,1157,sh,108,1552
findling-anon 1790878289,1,init.sh,820,3540
findling-anon 1790878289,8,python,120772,155948
findling-anon 1790878289,1164,sh,112,1560
findling-anon 1790878290,1,init.sh,820,3540
findling-anon 1790878290,8,python,120772,155948
findling-anon 1790878290,1171,sh,112,1560
findling-anon 1790878291,1,init.sh,820,3540
findling-anon 1790878291,8,python,120772,155948
findling-anon 1790878291,1178,sh,112,1540
findling-anon 1790878292,1,init.sh,820,3540
findling-anon 1790878292,8,python,120772,155948
findling-anon 1790878292,1186,sh,108,1556
findling-anon 1790878293,1,init.sh,820,3540
findling-anon 1790878293,8,python,120772,155948
findling-anon 1790878293,1194,sh,112,1560
findling-anon 1790878294,1,init.sh,820,3540
findling-anon 1790878294,8,python,120772,155948
findling-anon 1790878294,1202,sh,108,1556
findling-anon 1790878295,1,init.sh,820,3540
findling-anon 1790878295,8,python,120772,155948
findling-anon 1790878295,1209,sh,112,1560
findling-anon 1790878296,1,init.sh,820,3540
findling-anon 1790878296,8,python,120772,155948
findling-anon 1790878296,1217,sh,112,1548
findling-anon 1790878297,1,init.sh,820,3540
findling-anon 1790878297,8,python,120772,155948
findling-anon 1790878297,1224,sh,108,1556
findling-anon 1790878298,1,init.sh,820,3540
findling-anon 1790878298,8,python,120772,155948
findling-anon 1790878298,1231,sh,112,1548
findling-anon 1790878299,1,init.sh,820,3540
findling-anon 1790878299,8,python,120772,155948
findling-anon 1790878299,1238,sh,112,1544
findling-anon 1790878300,1,init.sh,820,3540
findling-anon 1790878300,8,python,120772,155948
findling-anon 1790878300,1246,sh,112,1560
findling-anon 1790878301,1,init.sh,820,3540
findling-anon 1790878301,8,python,120772,155948
findling-anon 1790878301,1254,sh,112,1560
findling-anon 1790878302,1,init.sh,820,3540
findling-anon 1790878302,8,python,120772,155948
findling-anon 1790878302,1262,sh,112,1560
findling-anon 1790878303,1,init.sh,820,3540
findling-anon 1790878303,8,python,120772,155948
findling-anon 1790878303,1269,sh,108,1536
findling-anon 1790878305,1,init.sh,820,3540
findling-anon 1790878305,8,python,120772,155948
findling-anon 1790878305,1276,sh,112,1548
findling-anon 1790878306,1,init.sh,820,3540
findling-anon 1790878306,8,python,120772,155948
findling-anon 1790878306,1283,sh,108,1556
findling-anon 1790878307,1,init.sh,820,3540
findling-anon 1790878307,8,python,120772,155948
findling-anon 1790878307,1290,sh,112,1560
findling-anon 1790878308,1,init.sh,820,3540
findling-anon 1790878308,8,python,120772,155948
findling-anon 1790878308,1297,sh,108,1556
findling-anon 1790878309,1,init.sh,820,3540
findling-anon 1790878309,8,python,120772,155948
findling-anon 1790878309,1304,sh,112,1560
findling-anon 1790878310,1,init.sh,820,3540
findling-anon 1790878310,8,python,120772,155948
findling-anon 1790878310,1312,sh,112,1548
findling-anon 1790878311,1,init.sh,820,3540
findling-anon 1790878311,8,python,120772,155948
findling-anon 1790878311,1319,sh,112,1560
findling-anon 1790878312,1,init.sh,820,3540
findling-anon 1790878312,8,python,120772,155948
findling-anon 1790878312,1326,sh,112,1560
findling-anon 1790878313,1,init.sh,820,3540
findling-anon 1790878313,8,python,120772,155948
findling-anon 1790878313,1333,sh,112,1560
findling-anon 1790878314,1,init.sh,820,3540
findling-anon 1790878314,8,python,120772,155948
findling-anon 1790878314,1340,sh,108,1544
findling-anon 1790878315,1,init.sh,820,3540
findling-anon 1790878315,8,python,120772,155948
findling-anon 1790878315,1347,sh,112,1556
findling-anon 1790878316,1,init.sh,820,3540
findling-anon 1790878316,8,python,120772,155948
findling-anon 1790878316,1354,sh,112,1560
findling-anon 1790878317,1,init.sh,820,3540
findling-anon 1790878317,8,python,120772,155948
findling-anon 1790878317,1361,sh,112,1548
findling-anon 1790878318,1,init.sh,820,3540
findling-anon 1790878318,8,python,120772,155948
findling-anon 1790878318,1368,sh,112,1560
findling-anon 1790878319,1,init.sh,820,3540
findling-anon 1790878319,8,python,120772,155948
findling-anon 1790878319,1375,sh,112,1560
findling-anon 1790878320,1,init.sh,820,3540
findling-anon 1790878320,8,python,120772,155948
findling-anon 1790878320,1383,sh,108,1556
findling-anon 1790878321,1,init.sh,820,3540
findling-anon 1790878321,8,python,120772,155948
findling-anon 1790878321,1390,sh,112,1560
findling-anon 1790878322,1,init.sh,820,3540
findling-anon 1790878322,8,python,120772,155948
findling-anon 1790878322,1397,sh,108,1556
findling-anon 1790878323,1,init.sh,820,3540
findling-anon 1790878323,8,python,120772,155948
findling-anon 1790878323,1404,sh,112,1560
findling-anon 1790878325,1,init.sh,820,3540
findling-anon 1790878325,8,python,120772,155948
findling-anon 1790878325,1411,sh,108,1556
findling-anon 1790878326,1,init.sh,820,3540
findling-anon 1790878326,8,python,120772,155948
findling-anon 1790878326,1418,sh,112,1544
findling-anon 1790878327,1,init.sh,820,3540
findling-anon 1790878327,8,python,120772,155948
findling-anon 1790878327,1425,sh,112,1560
findling-anon 1790878328,1,init.sh,820,3540
findling-anon 1790878328,8,python,120772,155948
findling-anon 1790878328,1432,sh,112,1560
findling-anon 1790878329,1,init.sh,820,3540
findling-anon 1790878329,8,python,120772,155948
findling-anon 1790878329,1439,sh,112,1560
findling-anon 1790878330,1,init.sh,820,3540
findling-anon 1790878330,8,python,120772,155948
findling-anon 1790878330,1447,sh,112,1560
findling-anon 1790878331,1,init.sh,820,3540
findling-anon 1790878331,8,python,120772,155948
findling-anon 1790878331,1454,sh,108,1548
findling-anon 1790878332,1,init.sh,820,3540
findling-anon 1790878332,8,python,120772,155948
findling-anon 1790878332,1462,sh,112,1560
findling-anon 1790878333,1,init.sh,820,3540
findling-anon 1790878333,8,python,120772,155948
findling-anon 1790878333,1470,sh,112,1556
findling-anon 1790878334,1,init.sh,820,3540
findling-anon 1790878334,8,python,120772,155948
findling-anon 1790878334,1477,sh,112,1548
findling-anon 1790878335,1,init.sh,820,3540
findling-anon 1790878335,8,python,120772,155948
findling-anon 1790878335,1485,sh,112,1560
findling-anon 1790878336,1,init.sh,820,3540
findling-anon 1790878336,8,python,120772,155948
findling-anon 1790878336,1492,sh,112,1560
findling-anon 1790878337,1,init.sh,820,3540
findling-anon 1790878337,8,python,120772,155948
findling-anon 1790878337,1500,sh,112,1560
findling-anon 1790878338,1,init.sh,820,3540
findling-anon 1790878338,8,python,120772,155948
findling-anon 1790878338,1507,sh,112,1560
findling-anon 1790878339,1,init.sh,820,3540
findling-anon 1790878339,8,python,120772,155948
findling-anon 1790878339,1514,sh,112,1544
findling-anon 1790878340,1,init.sh,820,3540
findling-anon 1790878340,8,python,120772,155948
findling-anon 1790878340,1522,sh,112,1560
findling-anon 1790878341,1,init.sh,820,3540
findling-anon 1790878341,8,python,120772,155948
findling-anon 1790878341,1529,sh,112,1560
findling-anon 1790878342,1,init.sh,820,3540
findling-anon 1790878342,8,python,120772,155948
findling-anon 1790878342,1536,sh,112,1560
findling-anon 1790878343,1,init.sh,820,3540
findling-anon 1790878343,8,python,120772,155948
findling-anon 1790878343,1543,sh,112,1560
findling-anon 1790878344,1,init.sh,820,3540
findling-anon 1790878344,8,python,120772,155948
findling-anon 1790878344,1551,sh,112,1560
findling-anon 1790878346,1,init.sh,820,3540
findling-anon 1790878346,8,python,120772,155948
findling-anon 1790878346,1558,sh,112,1560
findling-anon 1790878347,1,init.sh,820,3540
findling-anon 1790878347,8,python,120772,155948
findling-anon 1790878347,1565,sh,108,1556
findling-anon 1790878348,1,init.sh,820,3540
findling-anon 1790878348,8,python,120772,155948
findling-anon 1790878348,1572,sh,108,1552
findling-anon 1790878349,1,init.sh,820,3540
findling-anon 1790878349,8,python,120772,155948
findling-anon 1790878349,1580,sh,112,1560
findling-anon 1790878350,1,init.sh,820,3540
findling-anon 1790878350,8,python,120772,155948
findling-anon 1790878350,1587,sh,112,1560
findling-anon 1790878351,1,init.sh,820,3540
findling-anon 1790878351,8,python,120772,155948
findling-anon 1790878351,1594,sh,112,1548
findling-anon 1790878352,1,init.sh,820,3540
findling-anon 1790878352,8,python,120772,155948
findling-anon 1790878352,1601,sh,112,1560
findling-anon 1790878353,1,init.sh,820,3540
findling-anon 1790878353,8,python,120772,155948
findling-anon 1790878353,1608,sh,112,1552
findling-anon 1790878354,1,init.sh,820,3540
findling-anon 1790878354,8,python,120772,155948
findling-anon 1790878354,1616,sh,112,1560
findling-anon 1790878355,1,init.sh,820,3540
findling-anon 1790878355,8,python,120772,155948
findling-anon 1790878355,1624,sh,112,1560
findling-anon 1790878356,1,init.sh,820,3540
findling-anon 1790878356,8,python,120772,155948
findling-anon 1790878356,1632,sh,112,1560
findling-anon 1790878357,1,init.sh,820,3540
findling-anon 1790878357,8,python,120772,155948
findling-anon 1790878357,1640,sh,112,1560
findling-anon 1790878358,1,init.sh,820,3540
findling-anon 1790878358,8,python,120772,155948
findling-anon 1790878358,1647,sh,108,1536
findling-anon 1790878359,1,init.sh,820,3540
findling-anon 1790878359,8,python,120772,155948
findling-anon 1790878359,1654,sh,112,1556
findling-anon 1790878360,1,init.sh,820,3540
findling-anon 1790878360,8,python,120772,155948
findling-anon 1790878360,1661,sh,108,1556
findling-anon 1790878361,1,init.sh,820,3540
findling-anon 1790878361,8,python,120772,155948
findling-anon 1790878361,1668,sh,108,1556
findling-anon 1790878362,1,init.sh,820,3540
findling-anon 1790878362,8,python,120772,155948
findling-anon 1790878362,1676,sh,112,1560
findling-anon 1790878363,1,init.sh,820,3540
findling-anon 1790878363,8,python,120772,155948
findling-anon 1790878363,1683,sh,112,1560
findling-anon 1790878364,1,init.sh,820,3540
findling-anon 1790878364,8,python,120772,155948
findling-anon 1790878364,1690,sh,112,1560
findling-anon 1790878365,1,init.sh,820,3540
findling-anon 1790878365,8,python,120772,155948
findling-anon 1790878365,1697,sh,112,1560
findling-anon 1790878367,1,init.sh,820,3540
findling-anon 1790878367,8,python,120772,155948
findling-anon 1790878367,1704,sh,112,1560
findling-anon 1790878368,1,init.sh,820,3540
findling-anon 1790878368,8,python,120772,155948
findling-anon 1790878368,1711,sh,112,1560
findling-anon 1790878369,1,init.sh,820,3540
findling-anon 1790878369,8,python,120772,155948
findling-anon 1790878369,1719,sh,112,1560
findling-anon 1790878370,1,init.sh,820,3540
findling-anon 1790878370,8,python,120892,155948
findling-anon 1790878370,1726,sh,112,1552
findling-anon 1790878371,1,init.sh,820,3540
findling-anon 1790878371,8,python,120892,155948
findling-anon 1790878371,1734,sh,112,1560
findling-anon 1790878372,1,init.sh,820,3540
findling-anon 1790878372,8,python,120892,155948
findling-anon 1790878372,1741,sh,112,1548
findling-anon 1790878373,1,init.sh,820,3540
findling-anon 1790878373,8,python,120892,155948
findling-anon 1790878373,1749,sh,112,1560
findling-anon 1790878374,1,init.sh,820,3540
findling-anon 1790878374,8,python,120892,155948
findling-anon 1790878374,1756,sh,112,1560
findling-anon 1790878375,1,init.sh,820,3540
findling-anon 1790878375,8,python,120892,155948
findling-anon 1790878375,1764,sh,112,1560
findling-anon 1790878376,1,init.sh,820,3540
findling-anon 1790878376,8,python,120892,155948
findling-anon 1790878376,1772,sh,108,1548
findling-anon 1790878377,1,init.sh,820,3540
findling-anon 1790878377,8,python,120892,155948
findling-anon 1790878377,1779,sh,108,1548
findling-anon 1790878378,1,init.sh,820,3540
findling-anon 1790878378,8,python,120892,155948
findling-anon 1790878378,1787,sh,108,1556
findling-anon 1790878379,1,init.sh,820,3540
findling-anon 1790878379,8,python,120892,155948
findling-anon 1790878379,1794,sh,112,1560
findling-anon 1790878380,1,init.sh,820,3540
findling-anon 1790878380,8,python,120892,155948
findling-anon 1790878380,1801,sh,112,1560
findling-anon 1790878381,1,init.sh,820,3540
findling-anon 1790878381,8,python,120892,155948
findling-anon 1790878381,1809,sh,112,1540
findling-anon 1790878382,1,init.sh,820,3540
findling-anon 1790878382,8,python,120892,155948
findling-anon 1790878382,1816,sh,108,1556
findling-anon 1790878383,1,init.sh,820,3540
findling-anon 1790878383,8,python,120892,155948
findling-anon 1790878383,1823,sh,112,1560
findling-anon 1790878384,1,init.sh,820,3540
findling-anon 1790878384,8,python,120892,155948
findling-anon 1790878384,1829,sh,108,1556
findling-anon 1790878385,1,init.sh,820,3540
findling-anon 1790878385,8,python,120892,155948
findling-anon 1790878385,1836,sh,112,1560
findling-anon 1790878387,1,init.sh,820,3540
findling-anon 1790878387,8,python,120892,155948
findling-anon 1790878387,1843,sh,112,1560
findling-anon 1790878388,1,init.sh,820,3540
findling-anon 1790878388,8,python,120892,155948
findling-anon 1790878388,1850,sh,108,1556
findling-anon 1790878389,1,init.sh,820,3540
findling-anon 1790878389,8,python,120892,155948
findling-anon 1790878389,1857,sh,112,1560
findling-anon 1790878390,1,init.sh,820,3540
findling-anon 1790878390,8,python,120892,155948
findling-anon 1790878390,1864,sh,112,1544
findling-anon 1790878391,1,init.sh,820,3540
findling-anon 1790878391,8,python,120892,155948
findling-anon 1790878391,1871,sh,112,1560
findling-anon 1790878392,1,init.sh,820,3540
findling-anon 1790878392,8,python,120892,155948
findling-anon 1790878392,1879,sh,108,1548
findling-anon 1790878393,1,init.sh,820,3540
findling-anon 1790878393,8,python,120892,155948
findling-anon 1790878393,1887,sh,108,1556
findling-anon 1790878394,1,init.sh,820,3540
findling-anon 1790878394,8,python,120892,155948
findling-anon 1790878394,1894,sh,112,1560
findling-anon 1790878395,1,init.sh,820,3540
findling-anon 1790878395,8,python,120892,155948
findling-anon 1790878395,1901,sh,112,1560
findling-anon 1790878396,1,init.sh,820,3540
findling-anon 1790878396,8,python,120892,155948
findling-anon 1790878396,1908,sh,112,1560
findling-anon 1790878397,1,init.sh,820,3540
findling-anon 1790878397,8,python,120892,155948
findling-anon 1790878397,1915,sh,108,1556
findling-anon 1790878398,1,init.sh,820,3540
findling-anon 1790878398,8,python,120892,155948
findling-anon 1790878398,1923,sh,112,1544
findling-anon 1790878399,1,init.sh,820,3540
findling-anon 1790878399,8,python,120892,155948
findling-anon 1790878399,1930,sh,108,1556
findling-anon 1790878400,1,init.sh,820,3540
findling-anon 1790878400,8,python,120892,155948
findling-anon 1790878400,1937,sh,112,1560
findling-anon 1790878401,1,init.sh,820,3540
findling-anon 1790878401,8,python,120892,155948
findling-anon 1790878401,1944,sh,112,1560
findling-anon 1790878402,1,init.sh,820,3540
findling-anon 1790878402,8,python,120892,155948
findling-anon 1790878402,1951,sh,112,1548
findling-anon 1790878403,1,init.sh,820,3540
findling-anon 1790878403,8,python,120892,155948
findling-anon 1790878403,1958,sh,112,1560
findling-anon 1790878404,1,init.sh,820,3540
findling-anon 1790878404,8,python,120892,155948
findling-anon 1790878404,1966,sh,112,1560
findling-anon 1790878405,1,init.sh,820,3540
findling-anon 1790878405,8,python,120892,155948
findling-anon 1790878405,1973,sh,112,1560
findling-anon 1790878407,1,init.sh,820,3540
findling-anon 1790878407,8,python,120892,155948
findling-anon 1790878407,1980,sh,108,1544
findling-anon 1790878408,1,init.sh,820,3540
findling-anon 1790878408,8,python,120892,155948
findling-anon 1790878408,1987,sh,112,1560
findling-anon 1790878409,1,init.sh,820,3540
findling-anon 1790878409,8,python,120892,155948
findling-anon 1790878409,1994,sh,108,1556
findling-anon 1790878410,1,init.sh,820,3540
findling-anon 1790878410,8,python,120892,155948
findling-anon 1790878410,2001,sh,112,1560
findling-anon 1790878411,1,init.sh,820,3540
findling-anon 1790878411,8,python,120892,155948
findling-anon 1790878411,2008,sh,112,1560
findling-anon 1790878412,1,init.sh,820,3540
findling-anon 1790878412,8,python,120892,155948
findling-anon 1790878412,2015,sh,112,1556
findling-anon 1790878413,1,init.sh,820,3540
findling-anon 1790878413,8,python,120892,155948
findling-anon 1790878413,2022,sh,112,1560
findling-anon 1790878414,1,init.sh,820,3540
findling-anon 1790878414,8,python,120892,155948
findling-anon 1790878414,2029,sh,112,1556
findling-anon 1790878415,1,init.sh,820,3540
findling-anon 1790878415,8,python,120892,155948
findling-anon 1790878415,2037,sh,112,1560
findling-anon 1790878416,1,init.sh,820,3540
findling-anon 1790878416,8,python,120892,155948
findling-anon 1790878416,2045,sh,112,1560
findling-anon 1790878417,1,init.sh,820,3540
findling-anon 1790878417,8,python,120892,155948
findling-anon 1790878417,2052,sh,112,1560
findling-anon 1790878418,1,init.sh,820,3540
findling-anon 1790878418,8,python,120892,155948
findling-anon 1790878418,2059,sh,112,1560
findling-anon 1790878419,1,init.sh,820,3540
findling-anon 1790878419,8,python,120892,155948
findling-anon 1790878419,2067,sh,112,1552
findling-anon 1790878420,1,init.sh,820,3540
findling-anon 1790878420,8,python,120892,155948
findling-anon 1790878420,2074,sh,112,1540
findling-anon 1790878421,1,init.sh,820,3540
findling-anon 1790878421,8,python,120892,155948
findling-anon 1790878421,2081,sh,108,1556
findling-anon 1790878422,1,init.sh,820,3540
findling-anon 1790878422,8,python,120892,155948
findling-anon 1790878422,2088,sh,112,1560
findling-anon 1790878423,1,init.sh,820,3540
findling-anon 1790878423,8,python,120892,155948
findling-anon 1790878423,2095,sh,108,1556
findling-anon 1790878424,1,init.sh,820,3540
findling-anon 1790878424,8,python,120892,155948
findling-anon 1790878424,2102,sh,112,1544
findling-anon 1790878425,1,init.sh,820,3540
findling-anon 1790878425,8,python,120892,155948
findling-anon 1790878425,2110,sh,112,1556
findling-anon 1790878426,1,init.sh,820,3540
findling-anon 1790878426,8,python,120892,155948
findling-anon 1790878426,2117,sh,112,1540
findling-anon 1790878427,1,init.sh,820,3540
findling-anon 1790878427,8,python,121456,155948
findling-anon 1790878427,2124,sh,112,1560
findling-anon 1790878429,1,init.sh,820,3540
findling-anon 1790878429,8,python,121456,155948
findling-anon 1790878429,2131,sh,112,1560
findling-anon 1790878430,1,init.sh,820,3540
findling-anon 1790878430,8,python,121456,155948
findling-anon 1790878430,2139,sh,108,1556
findling-anon 1790878431,1,init.sh,820,3540
findling-anon 1790878431,8,python,121456,155948
findling-anon 1790878431,2147,sh,112,1560
findling-anon 1790878432,1,init.sh,820,3540
findling-anon 1790878432,8,python,121456,155948
findling-anon 1790878432,2154,sh,112,1560
findling-anon 1790878433,1,init.sh,820,3540
findling-anon 1790878433,8,python,121456,155948
findling-anon 1790878433,2161,sh,112,1540
findling-anon 1790878434,1,init.sh,820,3540
findling-anon 1790878434,8,python,121456,155948
findling-anon 1790878434,2168,sh,112,1540
findling-anon 1790878435,1,init.sh,820,3540
findling-anon 1790878435,8,python,121456,155948
findling-anon 1790878435,2175,sh,112,1560
findling-anon 1790878436,1,init.sh,820,3540
findling-anon 1790878436,8,python,121456,155948
findling-anon 1790878436,2183,sh,112,1560
findling-anon 1790878437,1,init.sh,820,3540
findling-anon 1790878437,8,python,121456,155948
findling-anon 1790878437,2191,sh,112,1560
findling-anon 1790878438,1,init.sh,820,3540
findling-anon 1790878438,8,python,121456,155948
findling-anon 1790878438,2198,sh,112,1560
findling-anon 1790878439,1,init.sh,820,3540
findling-anon 1790878439,8,python,121456,155948
findling-anon 1790878439,2205,sh,112,1560
findling-anon 1790878440,1,init.sh,820,3540
findling-anon 1790878440,8,python,121456,155948
findling-anon 1790878440,2212,sh,112,1560
findling-anon 1790878441,1,init.sh,820,3540
findling-anon 1790878441,8,python,121456,155948
findling-anon 1790878441,2219,sh,112,1560
findling-anon 1790878442,1,init.sh,820,3540
findling-anon 1790878442,8,python,121456,155948
findling-anon 1790878442,2226,sh,112,1560
findling-anon 1790878443,1,init.sh,820,3540
findling-anon 1790878443,8,python,121456,155948
findling-anon 1790878443,2233,sh,112,1560
findling-anon 1790878444,1,init.sh,820,3540
findling-anon 1790878444,8,python,121456,155948
findling-anon 1790878444,2241,sh,108,1556
findling-anon 1790878445,1,init.sh,820,3540
findling-anon 1790878445,8,python,121456,155948
findling-anon 1790878445,2249,sh,112,1560
findling-anon 1790878446,1,init.sh,820,3540
findling-anon 1790878446,8,python,121456,155948
findling-anon 1790878446,2256,sh,112,1556
findling-anon 1790878447,1,init.sh,820,3540
findling-anon 1790878447,8,python,121456,155948
findling-anon 1790878447,2263,sh,112,1560
findling-anon 1790878449,1,init.sh,820,3540
findling-anon 1790878449,8,python,121456,155948
findling-anon 1790878449,2270,sh,112,1560
findling-anon 1790878450,1,init.sh,820,3540
findling-anon 1790878450,8,python,121456,155948
findling-anon 1790878450,2277,sh,112,1560
findling-anon 1790878451,1,init.sh,820,3540
findling-anon 1790878451,8,python,121456,155948
findling-anon 1790878451,2284,sh,112,1560
findling-anon 1790878452,1,init.sh,820,3540
findling-anon 1790878452,8,python,121456,155948
findling-anon 1790878452,2291,sh,112,1556
findling-anon 1790878453,1,init.sh,820,3540
findling-anon 1790878453,8,python,121456,155948
findling-anon 1790878453,2298,sh,108,1540
findling-anon 1790878454,1,init.sh,820,3540
findling-anon 1790878454,8,python,121456,155948
findling-anon 1790878454,2305,sh,112,1556
findling-anon 1790878455,1,init.sh,820,3540
findling-anon 1790878455,8,python,121456,155948
findling-anon 1790878455,2312,sh,112,1544
findling-anon 1790878456,1,init.sh,820,3540
findling-anon 1790878456,8,python,121456,155948
findling-anon 1790878456,2320,sh,112,1560
findling-anon 1790878457,1,init.sh,820,3540
findling-anon 1790878457,8,python,121456,155948
findling-anon 1790878457,2328,sh,112,1560
findling-anon 1790878458,1,init.sh,820,3540
findling-anon 1790878458,8,python,121456,155948
findling-anon 1790878458,2335,sh,112,1560
findling-anon 1790878459,1,init.sh,820,3540
findling-anon 1790878459,8,python,121456,155948
findling-anon 1790878459,2342,sh,108,1556
findling-anon 1790878460,1,init.sh,820,3540
findling-anon 1790878460,8,python,121456,155948
findling-anon 1790878460,2349,sh,112,1560
findling-anon 1790878461,1,init.sh,820,3540
findling-anon 1790878461,8,python,121456,155948
findling-anon 1790878461,2356,sh,112,1560
findling-anon 1790878462,1,init.sh,820,3540
findling-anon 1790878462,8,python,121456,155948
findling-anon 1790878462,2363,sh,108,1556
findling-anon 1790878463,1,init.sh,820,3540
findling-anon 1790878463,8,python,121456,155948
findling-anon 1790878463,2370,sh,112,1540
findling-anon 1790878464,1,init.sh,820,3540
findling-anon 1790878464,8,python,121456,155948
findling-anon 1790878464,2377,sh,112,1560
findling-anon 1790878465,1,init.sh,820,3540
findling-anon 1790878465,8,python,121456,155948
findling-anon 1790878465,2385,sh,108,1556
findling-anon 1790878466,1,init.sh,820,3540
findling-anon 1790878466,8,python,121456,155948
findling-anon 1790878466,2393,sh,112,1560
findling-anon 1790878467,1,init.sh,820,3540
findling-anon 1790878467,8,python,121456,155948
findling-anon 1790878467,2400,sh,108,1556
findling-anon 1790878468,1,init.sh,820,3540
findling-anon 1790878468,8,python,121456,155948
findling-anon 1790878468,2406,sh,112,1560
findling-anon 1790878470,1,init.sh,820,3540
findling-anon 1790878470,8,python,121456,155948
findling-anon 1790878470,2413,sh,112,1548
findling-anon 1790878471,1,init.sh,820,3540
findling-anon 1790878471,8,python,121456,155948
findling-anon 1790878471,2421,sh,112,1560
findling-anon 1790878472,1,init.sh,820,3540
findling-anon 1790878472,8,python,121456,155948
findling-anon 1790878472,2428,sh,112,1560
findling-anon 1790878473,1,init.sh,820,3540
findling-anon 1790878473,8,python,121456,155948
findling-anon 1790878473,2435,sh,112,1560
findling-anon 1790878474,1,init.sh,820,3540
findling-anon 1790878474,8,python,121456,155948
findling-anon 1790878474,2442,sh,112,1560
findling-anon 1790878475,1,init.sh,820,3540
findling-anon 1790878475,8,python,121456,155948
findling-anon 1790878475,2449,sh,112,1548
findling-anon 1790878476,1,init.sh,820,3540
findling-anon 1790878476,8,python,121456,155948
findling-anon 1790878476,2456,sh,112,1556
findling-anon 1790878477,1,init.sh,820,3540
findling-anon 1790878477,8,python,121456,155948
findling-anon 1790878477,2463,sh,112,1560
findling-anon 1790878478,1,init.sh,820,3540
findling-anon 1790878478,8,python,121456,155948
findling-anon 1790878478,2471,sh,112,1560
findling-anon 1790878479,1,init.sh,820,3540
findling-anon 1790878479,8,python,121456,155948
findling-anon 1790878479,2478,sh,112,1560
findling-anon 1790878480,1,init.sh,820,3540
findling-anon 1790878480,8,python,121456,155948
findling-anon 1790878480,2485,sh,112,1560
findling-anon 1790878481,1,init.sh,820,3540
findling-anon 1790878481,8,python,121456,155948
findling-anon 1790878481,2492,sh,112,1560
findling-anon 1790878482,1,init.sh,820,3540
findling-anon 1790878482,8,python,121456,155948
findling-anon 1790878482,2499,sh,112,1560
findling-anon 1790878483,1,init.sh,820,3540
findling-anon 1790878483,8,python,121456,155948
findling-anon 1790878483,2506,sh,112,1560
findling-anon 1790878484,1,init.sh,820,3540
findling-anon 1790878484,8,python,121456,155948
findling-anon 1790878484,2514,sh,112,1556
findling-anon 1790878485,1,init.sh,820,3540
findling-anon 1790878485,8,python,121456,155948
findling-anon 1790878485,2522,sh,108,1556
findling-anon 1790878486,1,init.sh,820,3540
findling-anon 1790878486,8,python,121456,155948
findling-anon 1790878486,2530,sh,112,1560
findling-anon 1790878487,1,init.sh,820,3540
findling-anon 1790878487,8,python,121456,155948
findling-anon 1790878487,2538,sh,112,1544
findling-anon 1790878488,1,init.sh,820,3540
findling-anon 1790878488,8,python,121456,155948
findling-anon 1790878488,2545,sh,108,1556
findling-anon 1790878490,1,init.sh,820,3540
findling-anon 1790878490,8,python,121460,155948
findling-anon 1790878490,2556,sh,112,1548
findling-anon 1790878491,1,init.sh,820,3540
findling-anon 1790878491,8,python,121464,155948
findling-anon 1790878491,2574,sh,112,1560
findling-anon 1790878492,1,init.sh,820,3540
findling-anon 1790878492,8,python,121468,155948
findling-anon 1790878492,2594,sh,112,1560
findling-anon 1790878493,1,init.sh,820,3540
findling-anon 1790878493,8,python,121476,155948
findling-anon 1790878493,2612,sh,112,1560
findling-anon 1790878494,1,init.sh,820,3540
findling-anon 1790878494,8,python,121476,155948
findling-anon 1790878494,2621,sh,108,1556
findling-anon 1790878495,1,init.sh,820,3540
findling-anon 1790878495,8,python,121476,155948
findling-anon 1790878495,2628,sh,108,1552
findling-anon summary samples=347 rows=1041 failed=0 max_rssanon_kb=[init.sh=820 python=121476 sh=112] reason=signal
