findling-rss timestamp,anon,file,slab,current,peak
findling-rss 1788538737,48594944,14352384,3366144,67940352,78667776
findling-rss 1788538742,48594944,14352384,3366144,67932160,78667776
findling-rss 1788538747,48594944,14352384,3366144,67932160,78667776
findling-rss 1788538752,48594944,14352384,3366144,68169728,78667776
findling-rss 1788538757,48594944,14352384,3366144,68075520,78667776
findling-rss 1788538762,48594944,14352384,3368184,68042752,78667776
findling-rss 1788538767,48594944,14352384,3367640,68317184,78667776
findling-rss 1788538772,48594944,14352384,3366144,68235264,78667776
findling-rss 1788538777,48594944,14352384,3366144,68177920,78667776
findling-rss 1788538782,48594944,14352384,3366144,68251648,78667776
findling-rss 1788538787,48594944,14352384,3365112,68173824,78667776
findling-rss 1788538792,48594944,14352384,3368184,68063232,78667776
findling-rss 1788538797,48594944,14352384,3366960,68243456,78667776
findling-rss 1788538802,48594944,14352384,3366144,67932160,78667776
findling-rss 1788538807,48594944,14352384,3366144,67952640,78667776
findling-rss 1788538812,48594944,14352384,3366144,68177920,78667776
findling-rss 1788538817,48594944,14352384,3366144,68300800,78667776
findling-rss 1788538822,48594944,14352384,3367640,68153344,78667776
findling-rss 1788538827,48594944,14352384,3367640,68345856,78667776
findling-rss 1788538832,48422912,14352384,3364704,67866624,78667776
findling-rss 1788538837,48422912,14352384,3366144,67760128,78667776
findling-rss 1788538842,48422912,14352384,3366144,67764224,78667776
findling-rss 1788538847,48422912,14352384,3366144,68222976,78667776
findling-rss 1788538852,48427008,14352384,3368184,67944448,78667776
findling-rss 1788538857,48422912,14352384,3366552,68141056,78667776
findling-rss 1788538862,48427008,14352384,3366552,68177920,78667776
findling-rss 1788538867,48427008,14352384,3366144,68001792,78667776
findling-rss 1788538872,48427008,14352384,3366144,68218880,78667776
findling-rss 1788538877,48427008,14352384,3366144,67952640,78667776
findling-rss 1788538882,48427008,14352384,3368184,67944448,78667776
findling-rss 1788538887,48427008,14352384,3367640,67948544,78667776
findling-rss 1788538892,48427008,14352384,3366144,68210688,78667776
findling-rss 1788538897,48427008,14352384,3366144,67870720,78667776
findling-rss 1788538902,48427008,14352384,3366144,68075520,78667776
findling-rss 1788538907,48427008,14352384,3366144,67940352,78667776
findling-rss 1788538912,48427008,14352384,3365720,67997696,78667776
findling-rss 1788538917,48427008,14352384,3366144,67772416,78667776
findling-rss 1788538922,48427008,14352384,3364224,67964928,78667776
findling-rss 1788538927,48386048,14352384,3370872,67776512,78667776
findling-rss 1788538932,48427008,14352384,3366144,68202496,78667776
findling-rss 1788538937,48427008,14352384,3365112,68132864,78667776
findling-rss 1788538942,48427008,14352384,3368184,68145152,78667776
findling-rss 1788538947,48427008,14352384,3367640,67768320,78667776
findling-rss 1788538952,48427008,14352384,3367640,68050944,78667776
findling-rss 1788538957,48427008,14352384,3366144,67768320,78667776
findling-rss 1788538962,48427008,14352384,3366144,68075520,78667776
findling-rss 1788538967,48427008,14352384,3366144,68272128,78667776
findling-rss 1788538972,48427008,14352384,3368184,68079616,78667776
findling-rss 1788538977,48427008,14352384,3367640,67764224,78667776
findling-rss 1788538982,48427008,14352384,3376872,67911680,78667776
findling-rss 1788538987,48427008,14352384,3366144,67756032,78667776
findling-rss 1788538992,48427008,14352384,3366144,68136960,78667776
findling-rss 1788538997,48427008,14352384,3366144,68218880,78667776
findling-rss 1788539002,48422912,14352384,3367368,68141056,78667776
findling-rss 1788539007,48427008,14352384,3366576,68231168,78667776
findling-rss 1788539012,48427008,14352384,3367368,68083712,78667776
findling-rss 1788539017,48427008,14352384,3367608,67977216,78667776
findling-rss 1788539022,48427008,14352384,3366144,68247552,78667776
findling-rss 1788539027,48427008,14352384,3366144,68108288,78667776
findling-rss 1788539032,48427008,14352384,3368184,68190208,78667776
findling-rss 1788539037,48427008,14352384,3367640,67883008,78667776
findling-rss 1788539043,48427008,14352384,3366144,67923968,78667776
findling-rss 1788539048,48427008,14352384,3366144,67960832,78667776
findling-rss 1788539053,48422912,14352384,3366144,68071424,78667776
findling-rss 1788539058,48427008,14352384,3366144,67883008,78667776
findling-rss 1788539063,48427008,14352384,3367640,68153344,78667776
findling-rss 1788539068,48427008,14352384,3367096,68247552,78667776
findling-rss 1788539073,48427008,14352384,3367096,68030464,78667776
findling-rss 1788539078,48427008,14352384,3367096,67772416,78667776
findling-rss 1788539083,48427008,14352384,3366144,68030464,78667776
findling-rss 1788539088,48427008,14352384,3366144,68116480,78667776
findling-rss 1788539093,48427008,14352384,3367640,68050944,78667776
findling-rss 1788539098,48427008,14352384,3367640,67776512,78667776
findling-rss 1788539103,48427008,14352384,3366144,68116480,78667776
findling-rss 1788539108,48427008,14352384,3365112,68063232,78667776
findling-rss 1788539113,48427008,14352384,3366144,67866624,78667776
findling-rss 1788539118,48427008,14352384,3366144,67948544,78667776
findling-rss 1788539123,48427008,14352384,3368184,68263936,78667776
findling-rss 1788539128,48427008,14352384,3367640,68108288,78667776
findling-rss 1788539133,48427008,14352384,3366416,68050944,78667776
findling-rss 1788539138,48427008,14352384,3366416,67772416,78667776
findling-rss 1788539143,48427008,14352384,3366144,68096000,78667776
findling-rss 1788539148,48422912,14352384,3366144,68173824,78667776
findling-rss 1788539153,48427008,14352384,3368184,68005888,78667776
findling-rss 1788539158,48422912,14352384,3366824,68177920,78667776
findling-rss 1788539163,48427008,14352384,3366144,68022272,78667776
findling-rss 1788539168,48427008,14352384,3365112,67973120,78667776
findling-rss 1788539173,48427008,14352384,3367208,67919872,78667776
findling-rss 1788539178,48427008,14352384,3366384,68042752,78667776
findling-rss 1788539183,48427008,14352384,3367640,68124672,78667776
findling-rss 1788539188,48427008,14352384,3367880,67919872,78667776
findling-rss 1788539193,48427008,14352384,3366688,68018176,78667776
findling-rss 1788539198,48427008,14352384,3366144,67801088,78667776
findling-rss 1788539203,48427008,14352384,3366144,68079616,78667776
findling-rss 1788539208,48427008,14352384,3366144,67969024,78667776
findling-rss 1788539213,48427008,14352384,3368184,68063232,78667776
findling-rss 1788539218,48427008,14352384,3367368,67960832,78667776
findling-rss 1788539223,48427008,14352384,3366144,67805184,78667776
findling-rss 1788539228,48427008,14352384,3366144,67784704,78667776
findling-rss 1788539233,48435200,14352384,3366144,68091904,78667776
findling-rss 1788539238,48435200,14352384,3366144,68182016,78667776
findling-rss 1788539243,48435200,14352384,3367152,68136960,78667776
findling-rss 1788539248,48435200,14352384,3366144,68083712,78667776
findling-rss 1788539253,48431104,14352384,3366384,68096000,78667776
findling-rss 1788539258,48435200,14352384,3366144,67784704,78667776
findling-rss 1788539263,48435200,14352384,3366144,68091904,78667776
findling-rss 1788539268,48435200,14352384,3366384,67936256,78667776
findling-rss 1788539273,48435200,14352384,3367640,68063232,78667776
findling-rss 1788539278,48431104,14352384,3367640,67936256,78667776
findling-rss 1788539283,48435200,14352384,3366144,68083712,78667776
findling-rss 1788539288,48435200,14352384,3366144,67813376,78667776
findling-rss 1788539293,48435200,14352384,3366144,68087808,78667776
findling-rss 1788539298,48435200,14352384,3366144,67911680,78667776
findling-rss 1788539303,48435200,14352384,3368048,68059136,78667776
findling-rss 1788539308,48435200,14352384,3367504,68136960,78667776
findling-rss 1788539313,48435200,14352384,3366144,68096000,78667776
findling-rss 1788539318,48435200,14352384,3366144,67981312,78667776
findling-rss 1788539323,48435200,14352384,3365352,67915776,78667776
findling-rss 1788539328,48435200,14352384,3365112,68034560,78667776
findling-rss 1788539333,48431104,14352384,3368184,68128768,78667776
findling-rss 1788539338,48435200,14352384,3367640,67993600,78667776
findling-rss 1788539343,48435200,14352384,3366144,68075520,78667776
findling-rss 1788539348,48435200,14352384,3366384,68046848,78667776
findling-rss 1788539353,48435200,14352384,3366144,68030464,78667776
findling-rss summary samples=124 max_anon=48594944 peak=78667776 events=[low=0 high=0 max=0 oom=0 oom_kill=0 oom_group_kill=0 sock_throttled=0] oom_killed=false
